{"group_train_loss_mean": {"1": [4.0904415249824515, 2.791033413675096, 2.279010809130139, 2.020644528998269, 1.8117324246300592, 1.7203979856438105, 1.6416342159112298, 1.5663834479120045, 1.5045807394716475, 1.4598386320802899, 1.4246830377313826, 1.3986115654309588, 1.3803146216604445, 1.3419441746340857, 1.3281037476327684, 1.2806548376878104, 1.2626131375630698, 1.2331201963954501, 1.2193906936380599, 1.2003477679358585], "2": [4.4318502902984624, 2.9304589430491133, 2.241702612241109, 1.865833226839701, 1.6496475776036579, 1.465392275651296, 1.348478086789449, 1.2517020126183829, 1.1702734013398488, 1.1026152749856313, 1.074710351228714, 1.0446949601173403, 1.012040732304255, 1.0022212902704877, 0.9575911104679108, 0.9081994553407032, 0.8742339789867402, 0.8796155492464702, 0.8682616114616394, 0.8229478736718496], "3": [4.474062341230887, 2.5340461753032826, 1.8363966279559665, 1.4806078275044758, 1.2776876401018216, 1.1161805468576924, 0.9961706002553304, 0.9154893446851659, 0.8417662790528051, 0.7753163675467173, 0.7495854088553675, 0.7012584750299101, 0.658545853915038, 0.6098936812745199, 0.6133708413000459, 0.5795496845686877, 0.5640350740264963, 0.5301631832564317, 0.5237458911206986, 0.4897308608999959]}, "group_train_loss_std": {"1": [0.11630059346738929, 0.06508994346561978, 0.062498573809864504, 0.07430037746231294, 0.05087167790991848, 0.05844082105240661, 0.048569387275198356, 0.06638372072696856, 0.05371239839993986, 0.06888063378311446, 0.03484017085799737, 0.04499568287039066, 0.05717835883978851, 0.0560104314794569, 0.05282378793286356, 0.032043337825891784, 0.05720541302306911, 0.05251604007854624, 0.06404149072730395, 0.05434093825496807], "2": [0.07451855979355924, 0.11304962020645916, 0.08850210036788404, 0.04364257734252413, 0.12728241923620104, 0.05786879822566609, 0.08388250965101554, 0.10636844848774489, 0.06834057350955393, 0.061402479675723765, 0.1043533866527109, 0.08024995531381142, 0.10233382153793598, 0.07821404059608833, 0.09278405562157384, 0.05887761071492548, 0.08730970784245974, 0.0835273438056145, 0.08875821551445653, 0.06405308188918292], "3": [0.14307498731105786, 0.15802524030469123, 0.08485649675138518, 0.11600278522567929, 0.08133385185957547, 0.08477943200948126, 0.07938213889349274, 0.05661017325162927, 0.06211668831529262, 0.051112628749910634, 0.051469146456548535, 0.03650776513326401, 0.04598312274533304, 0.029989528992375097, 0.05772999679145944, 0.02623844791323371, 0.046484084757145376, 0.04204733613882624, 0.0347049034477318, 0.03195544732197273]}, "group_val_loss_mean": {"1": [77.06315675255848, 695.3840079800196, 3705.220059697856, 34510.47441520467, 113793.12085769979, 188624.87524366472, 186342.00779727098, 160862.328460039, 138890.28557504874, 130335.98830409358, 125918.7417153996, 127137.86062378167, 107513.37621832358, 104739.022417154, 99713.27777777777, 104149.17153996101, 95485.31676413254, 94765.00682261208, 81837.29824561403, 80406.87816764133], "2": [451962.881871345, 1014222.6058479532, 455086.9380116958, 333621.59064327483, 328660.5380116959, 331676.1847953216, 277728.15204678365, 292451.265497076, 229650.83742690057, 211667.62105263156, 228388.12631578947, 260272.0631578947, 229903.01052631577, 227277.37777777776, 228720.41403508768, 224316.00701754386, 231323.17192982454, 218271.64444444445, 227232.93099415203, 210549.43625730992], "3": [481952.22612085764, 1047137.6270305392, 424315.4827810266, 352266.3443794672, 430746.5107212476, 495449.28135152697, 465337.6218323587, 382056.6809616634, 377058.1286549708, 347637.1981806368, 305455.9285250163, 294577.3905133203, 271396.54970760236, 254499.3762183236, 239069.7115009747, 226428.63807667317, 215388.34437946722, 198453.1085120208, 195701.66991552955, 186054.90448343082]}, "group_val_loss_std": {"1": [9.96420719980283, 153.26000857867152, 1672.1808636078665, 21018.896050902913, 37366.80353507451, 66575.0824954765, 53678.17860181757, 47177.13791073703, 34079.263208311335, 32636.352079316348, 35174.509656982256, 43307.07426599798, 28423.990684947115, 35673.93365736642, 30523.26919419918, 39081.544930080374, 31698.993188405402, 26505.019431182434, 19494.085131030643, 23061.375927874178], "2": [216363.1364829081, 415508.09617401287, 168612.9371838558, 135030.1841796174, 103671.53225202758, 150160.0257462941, 78512.82913900197, 110741.38823429731, 60315.48546862054, 60844.55732524306, 85739.47374997681, 129861.14869746762, 76974.98541614204, 84319.53648206418, 111361.19024789549, 114554.5403437749, 109305.07404752745, 88653.98767509389, 98706.38469056775, 60203.712757794914], "3": [172647.43413838986, 299359.7211675879, 81903.77520922563, 75353.51105491736, 82535.14196720149, 134028.1653016686, 115691.95307753602, 81354.30148190912, 86057.15130234326, 77698.45387648896, 63705.172053668204, 61984.32476005816, 53852.10198591739, 51806.77232679501, 48392.55863119443, 49222.56670886021, 43189.19917318571, 34597.7791975948, 37173.596846952554, 44036.200848912886]}, "group_train_acc_mean": {"1": [0.2809046892238743, 0.38789279324084086, 0.43429198607466857, 0.45091263512316143, 0.5041458729913738, 0.5114843968833782, 0.5241821154384821, 0.5241792572013285, 0.5427406492771518, 0.5476296639284755, 0.5647347841745125, 0.5720447256949803, 0.5613120451830129, 0.580839521416771, 0.5847467316058147, 0.5920709643120509, 0.5935601058691041, 0.5974530248723796, 0.6018618556818897, 0.615528516632082], "2": [0.26422801872716983, 0.45929241481024163, 0.5629881154499151, 0.6092795527430501, 0.650295827545403, 0.6719555486957863, 0.716472020716503, 0.7246951690075629, 0.7446210835005402, 0.7575071598840699, 0.7662688000548782, 0.7662893793623844, 0.7674641148325361, 0.783267308055084, 0.7879542453396443, 0.8078458609867779, 0.799087650700554, 0.795539435098009, 0.800222942497985, 0.7920495275333985], "3": [0.36836388788850594, 0.5850840035899458, 0.6810807566325394, 0.7451776775489284, 0.7952987715296714, 0.8135228916213637, 0.8362954197702358, 0.8473663250120522, 0.8669014232115535, 0.8786201955415311, 0.8828494337832199, 0.8880600001143295, 0.8958620347980845, 0.9098540584109345, 0.905301839370883, 0.9124569597121945, 0.9121444591167285, 0.9189708821853699, 0.9147359274693739, 0.9222226033205092]}, "group_train_acc_std": {"1": [0.022933851772914064, 0.018678351543326817, 0.019795099809348963, 0.03194637755173497, 0.016197657752855744, 0.018244201189015145, 0.0210411715858537, 0.02090058811595915, 0.010495297084942188, 0.015600626264434562, 0.013525838165689185, 0.019766346671016653, 0.024342645186578776, 0.027501928187205024, 0.02212308441181627, 0.018338080990286804, 0.020179730650365976, 0.015088146702142568, 0.013627251362013778, 0.0167627563528087], "2": [0.019387832116796164, 0.03621494789095173, 0.03298457849372104, 0.029672737953842475, 0.03242305899776874, 0.02787055148315921, 0.019741435569953437, 0.03554275041406262, 0.03496174682261419, 0.0315253975163407, 0.024951531295384043, 0.03940771949516484, 0.038893579778375924, 0.029068956000340377, 0.036453241289087786, 0.023342258138788347, 0.030680383463326518, 0.03313152472706191, 0.03582724052700109, 0.02135100991159791], "3": [0.021457213692153275, 0.02996102974980857, 0.02454134550942339, 0.032882463700084005, 0.035895025605354514, 0.02474004655211693, 0.025207251605144768, 0.027931011728073534, 0.023539342012981846, 0.024438917867770187, 0.027191945779760134, 0.018009322952095126, 0.01521287899391678, 0.019682386785226706, 0.0069397720794574895, 0.017803851219299543, 0.01782286794957334, 0.016845408477215468, 0.018212195063900597, 0.009708172467107732]}, "group_val_acc_mean": {"1": [0.25146198830409355, 0.26120857699805067, 0.27777777777777773, 0.30409356725146197, 0.3908382066276803, 0.43079922027290446, 0.44054580896686163, 0.45126705653021437, 0.469785575048733, 0.47953216374269, 0.4678362573099415, 0.48148148148148145, 0.48927875243664715, 0.48050682261208566, 0.4766081871345029, 0.49220272904483425, 0.49512670565302147, 0.5, 0.48927875243664715, 0.48732943469785567],