{"group_train_loss_mean": {"1": [2.3718643801234593, 1.3380542258235897, 1.2003274738231553, 1.1292267475172737, 1.0772048034400583, 1.0484938760784184, 1.0159686168777609, 0.9935118895824825, 0.9780495411881777, 0.9650704264640808, 0.9543799869368009, 0.9461999128912096, 0.9366793716065237, 0.9274435221591842, 0.9210971833389496, 0.912273649857423, 0.9063941680382346, 0.9011142248305205, 0.8978360646238951, 0.8953918502709576], "2": [1.6239290644075268, 1.2477655472042404, 1.1661573503619043, 1.0840288350515277, 1.0457641972559635, 0.99938534353381, 0.9597918948280477, 0.9375516477032243, 0.9212160249736822, 0.8623895369400488, 0.822207683157698, 0.7910525656749154, 0.7545673421053128, 0.7192763076207348, 0.6847486061470531, 0.6559083319713022, 0.574259494231126, 0.5074083663035776, 0.44361130433661916, 0.4031509016161767], "3": [1.6711620783137384, 1.1811319010280004, 1.069070770361713, 1.0177649460106253, 0.9770121262452313, 0.942219299133693, 0.9070925757149669, 0.8587790922583821, 0.8340518936932644, 0.8093123307851987, 0.7870883551713462, 0.753810086818499, 0.7331573088592458, 0.7074731449100459, 0.6869172400960298, 0.6339139264320659, 0.6016788496592335, 0.5525999893651945, 0.4888259691891269, 0.4363861540767634]}, "group_train_loss_std": {"1": [0.0, 0.0, 0.0, 0.0, 0.0, 0.0, 0.0, 0.0, 0.0, 0.0, 0.0, 0.0, 0.0, 0.0, 0.0, 0.0, 0.0, 0.0, 0.0, 0.0], "2": [0.0, 0.0, 0.0, 0.0, 0.0, 0.0, 0.0, 0.0, 0.0, 0.0, 0.0, 0.0, 0.0, 0.0, 0.0, 0.0, 0.0, 0.0, 0.0, 0.0], "3": [0.0, 0.0, 0.0, 0.0, 0.0, 0.0, 0.0, 0.0, 0.0, 0.0, 0.0, 0.0, 0.0, 0.0, 0.0, 0.0, 0.0, 0.0, 0.0, 0.0]}, "group_val_loss_mean": {"1": [1.5400437540478176, 1.304487277053253, 1.2159102704789904, 1.3603083043070565, 1.076091062116344, 1.2990144581822625, 1.07116307654576, 1.224091741494965, 1.0005127183178015, 1.0296846479003192, 0.955049413128903, 0.9610882137951098, 0.9110338575658743, 1.0051537842778435, 0.91809471183353, 0.8942393859924629, 0.8900801585431685, 0.889584854053475, 0.9216752890954938, 0.8941227453493933], "2": [1.2758067138013784, 1.3244759289144772, 1.251327665925723, 1.1240154179913258, 1.115318877097459, 1.1008580556389882, 1.1364374427070394, 1.0891850941362438, 1.0950951683590984, 1.0948279935016967, 1.1323636310142384, 1.1278572655560677, 1.068720221101192, 1.090387316893416, 1.3410279057876409, 1.1063228442654973, 1.3453891473903992, 1.2507379534648873, 1.6612204169669347, 1.4824139132137186], "3": [1.2737206362841422, 1.141124257288481, 1.1683491886707775, 1.1840652978908248, 1.1515117250687894, 1.2269644779071474, 1.0261155053188926, 1.0651284376780192, 1.0288276500869216, 0.9953646862018876, 1.0120705581547922, 0.9984884587644833, 0.9995152953772517, 0.989674583234285, 0.9582129512613977, 0.957158989446205, 0.9280813321035508, 0.9571071267127991, 0.9429015068282858, 0.9268791607248853]}, "group_val_loss_std": {"1": [0.0, 0.0, 0.0, 0.0, 0.0, 0.0, 0.0, 0.0, 0.0, 0.0, 0.0, 0.0, 0.0, 0.0, 0.0, 0.0, 0.0, 0.0, 0.0, 0.0], "2": [0.0, 0.0, 0.0, 0.0, 0.0, 0.0, 0.0, 0.0, 0.0, 0.0, 0.0, 0.0, 0.0, 0.0, 0.0, 0.0, 0.0, 0.0, 0.0, 0.0], "3": [0.0, 0.0, 0.0, 0.0, 0.0, 0.0, 0.0, 0.0, 0.0, 0.0, 0.0, 0.0, 0.0, 0.0, 0.0, 0.0, 0.0, 0.0, 0.0, 0.0]}, "group_train_acc_mean": {"1": [0.4025194082320199, 0.544748791562912, 0.5744836677896588, 0.5952834334261022, 0.6072945656950344, 0.61168888237879, 0.6247253552072652, 0.6305844441189395, 0.6358576241394464, 0.6390801230408671, 0.6417167130511205, 0.6405448952687857, 0.6453786436209169, 0.6478687564083785, 0.6527025047605097, 0.6543137542112202, 0.6585615936721839, 0.6606122747912699, 0.6622235242419804, 0.6625164786875641], "2": [0.5838582100483375, 0.6256042185440164, 0.633074556906401, 0.6469898930716274, 0.6550461403251794, 0.6652995459206094, 0.6688149992676139, 0.6793613593086275, 0.6866852204482203, 0.7020653288413652, 0.7085103266442069, 0.7228650944778087, 0.7304819100629852, 0.7443972462282115, 0.7569942873883111, 0.7707631463307456, 0.8032810897905376, 0.8230555148674381, 0.8483960744104292, 0.858795957228651], "3": [0.5646696938626043, 0.6317562619012743, 0.6465504614032518, 0.6600263659001026, 0.6698403398271568, 0.6781895415262926, 0.688003515453347, 0.702211806064157, 0.7086568038669987, 0.7137835066647137, 0.7192031639080123, 0.7306283872857771, 0.7397099750988722, 0.7514281529222206, 0.7524534934817636, 0.7731067818954153, 0.7851179141643474, 0.7983008642156145, 0.822176651530687, 0.8464918705141351]}, "group_train_acc_std": {"1": [0.0, 0.0, 0.0, 0.0, 0.0, 0.0, 0.0, 0.0, 0.0, 0.0, 0.0, 0.0, 0.0, 0.0, 0.0, 0.0, 0.0, 0.0, 0.0, 0.0], "2": [0.0, 0.0, 0.0, 0.0, 0.0, 0.0, 0.0, 0.0, 0.0, 0.0, 0.0, 0.0, 0.0, 0.0, 0.0, 0.0, 0.0, 0.0, 0.0, 0.0], "3": [0.0, 0.0, 0.0, 0.0, 0.0, 0.0, 0.0, 0.0, 0.0, 0.0, 0.0, 0.0, 0.0, 0.0, 0.0, 0.0, 0.0, 0.0, 0.0, 0.0]}, "group_val_acc_mean": {"1": [0.5049707602339182, 0.55, 0.5675438596491228, 0.5055555555555555, 0.610233918128655, 0.5292397660818714, 0.610233918128655, 0.5347953216374269, 0.6347953216374269, 0.6070175438596491, 0.6403508771929824, 0.6257309941520468, 0.6631578947368421, 0.62953216374269, 0.6555555555555556, 0.6757309941520467, 0.6698830409356725, 0.6625730994152047, 0.57, 0.58], "2": [0.6236842105263158, 0.6032163742690059, 0.5961988304093567, 0.643859649122807, 0.6356725146198831, 0.6418128654970761, 0.6426900584795322, 0.6464912280701754, 0.645906432748538, 0.6333333333333333, 0.6263157894736842, 0.6339181286549708, 0.6403508771929824, 0.6429824561403509, 0.6441520467836257, 0.6549707602339181, 0.6239766081871345, 0.6289473684210526, 0.5675438596491228, 0.6190058479532163], "3": [0.5777777777777777, 0.632748538011696, 0.6383040935672515, 0.62953216374269, 0.6461988304093568, 0.6482456140350877, 0.6555555555555556, 0.6526315789473685, 0.6464912280701754, 0.6552631578947369, 0.6429824561403509, 0.6494152046783626, 0.6388888888888888, 0.6485380116959064, 0.6415204678362573, 0.6485380116959064, 0.6570175438596492, 0.6555555555555556, 0.6634502923976608, 0.6497076023391812]}, "group_val_acc_std": {"1": [0.0, 0.0, 0.0, 0.0, 0.0, 0.0, 0.0, 0.0, 0.0, 0.0, 0.0, 0.0, 0.0, 0.0, 0.0, 0.0, 0.0, 0.0, 0.0, 0.0], "2": [0.0, 0.0, 0.0, 0.0, 0.0, 0.0, 0.0, 0.0, 0.0, 0.0, 0.0, 0.0, 0.0, 0.0, 0.0, 0.0, 0.0, 0.0, 0.0, 0.0], "3": [0.0, 0.0, 0.0, 0.0, 0.0, 0.0, 0.0, 0.0, 0.0, 0.0, 0.0, 0.0, 0.0, 0.0, 0.0, 0.0, 0.0, 0.0, 0.0, 0.0]}}