{"group_train_loss_mean": {"1": [2.3718643801234593, 1.3380542258235897, 1.2003274738231553, 1.1292267475172737, 1.0772048034400583, 1.0484938760784184, 1.0159686168777609, 0.9935118895824825, 0.9780495411881777, 0.9650704264640808, 0.9543799869368009, 0.9461999128912096, 0.9366793716065237, 0.9274435221591842, 0.9210971833389496, 0.912273649857423, 0.9063941680382346, 0.9011142248305205, 0.8978360646238951, 0.8953918502709576], "2": [1.0726782142001892, 0.507306621174946, 0.4377758402690709, 0.403527639736639, 0.3881969642694865, 0.36353891196651994, 0.3469590525203776, 0.3418109553439595, 0.29773641760661224, 0.2669836124666383, 0.26177521077828986, 0.24659084243195079, 0.24943793370066403, 0.24299657880981393, 0.2220684711203397, 0.1869351803281597, 0.164102723247537, 0.1788015215892658, 0.1635737469263166, 0.15008656008639068], "3": [1.1032192308769049, 0.5107079009029353, 0.4407851925798666, 0.40721250819825683, 0.38331802621066013, 0.36120553523580606, 0.3474576586039267, 0.3323119616954126, 0.3179665199507063, 0.30494944486662606, 0.3334575385969376, 0.29002394137259957, 0.2645880484553141, 0.24149172035890204, 0.2268283161743779, 0.21214173016982657, 0.1881677828311363, 0.18292731527134637, 0.16506577944644144, 0.16186492106764117]}, "group_train_loss_std": {"1": [0.0, 0.0, 0.0, 0.0, 0.0, 0.0, 0.0, 0.0, 0.0, 0.0, 0.0, 0.0, 0.0, 0.0, 0.0, 0.0, 0.0, 0.0, 0.0, 0.0], "2": [0.0, 0.0, 0.0, 0.0, 0.0, 0.0, 0.0, 0.0, 0.0, 0.0, 0.0, 0.0, 0.0, 0.0, 0.0, 0.0, 0.0, 0.0, 0.0, 0.0], "3": [0.0, 0.0, 0.0, 0.0, 0.0, 0.0, 0.0, 0.0, 0.0, 0.0, 0.0, 0.0, 0.0, 0.0, 0.0, 0.0, 0.0, 0.0, 0.0, 0.0]}, "group_val_loss_mean": {"1": [1.5400437540478176, 1.304487277053253, 1.2159102704789904, 1.3603083043070565, 1.076091062116344, 1.2990144581822625, 1.07116307654576, 1.224091741494965, 1.0005127183178015, 1.0296846479003192, 0.955049413128903, 0.9610882137951098, 0.9110338575658743, 1.0051537842778435, 0.91809471183353, 0.8942393859924629, 0.8900801585431685, 0.889584854053475, 0.9216752890954938, 0.8941227453493933], "2": [0.6979860132897806, 0.5242204852271498, 0.4402327292843869, 0.466550162033728, 0.4990556339771427, 0.5776382753723546, 0.48448833408411485, 0.46718747608842903, 0.47236072117822214, 0.5139320844795272, 0.5022536707900421, 0.5379169719261035, 0.5504567158152486, 0.5947156364457649, 0.5781386711444074, 0.6210178629696718, 0.6715882898771275, 0.5572835753535667, 0.6014411012331645, 0.5891749137326291], "3": [0.6236012683277241, 0.4783006484745539, 0.46357363859812417, 0.4506430627309788, 0.4445262209713808, 0.43866803060498155, 0.44191978779452584, 0.4526014410264311, 0.4653833940015202, 0.5886310497919719, 0.48918674382549976, 0.5477778330183866, 0.5486646974993031, 0.5307333284999892, 0.5444746350684361, 0.5518992354995326, 0.6041208494476408, 0.5503880128525851, 0.6317790094871967, 0.6956344278932315]}, "group_val_loss_std": {"1": [0.0, 0.0, 0.0, 0.0, 0.0, 0.0, 0.0, 0.0, 0.0, 0.0, 0.0, 0.0, 0.0, 0.0, 0.0, 0.0, 0.0, 0.0, 0.0, 0.0], "2": [0.0, 0.0, 0.0, 0.0, 0.0, 0.0, 0.0, 0.0, 0.0, 0.0, 0.0, 0.0, 0.0, 0.0, 0.0, 0.0, 0.0, 0.0, 0.0, 0.0], "3": [0.0, 0.0, 0.0, 0.0, 0.0, 0.0, 0.0, 0.0, 0.0, 0.0, 0.0, 0.0, 0.0, 0.0, 0.0, 0.0, 0.0, 0.0, 0.0, 0.0]}, "group_train_acc_mean": {"1": [0.4025194082320199, 0.544748791562912, 0.5744836677896588, 0.5952834334261022, 0.6072945656950344, 0.61168888237879, 0.6247253552072652, 0.6305844441189395, 0.6358576241394464, 0.6390801230408671, 0.6417167130511205, 0.6405448952687857, 0.6453786436209169, 0.6478687564083785, 0.6527025047605097, 0.6543137542112202, 0.6585615936721839, 0.6606122747912699, 0.6622235242419804, 0.6625164786875641], "2": [0.7325325911820711, 0.8377032371466236, 0.8495678921927641, 0.8609931155705288, 0.8620184561300718, 0.8705141350519994, 0.8753478834041306, 0.8753478834041306, 0.8929251501391534, 0.9050827596308774, 0.9039109418485426, 0.9100629852058005, 0.9071334407499634, 0.9118207118793028, 0.9194375274644793, 0.9301303647282847, 0.9397978614325473, 0.9337922952980812, 0.9408232019920902, 0.9463893364581808], "3": [0.733704408964406, 0.8412186904936283, 0.850593232752307, 0.8612860700161125, 0.8643620916947414, 0.8691958400468727, 0.8754943606269225, 0.8794492456423026, 0.885161857331185, 0.8888237879009814, 0.8778379961915922, 0.8899956056833163, 0.8984912846052439, 0.9047898051852937, 0.912553097993262, 0.9203163908012304, 0.9315951369562033, 0.9326204775157463, 0.9376007030906695, 0.9403837703237147]}, "group_train_acc_std": {"1": [0.0, 0.0, 0.0, 0.0, 0.0, 0.0, 0.0, 0.0, 0.0, 0.0, 0.0, 0.0, 0.0, 0.0, 0.0, 0.0, 0.0, 0.0, 0.0, 0.0], "2": [0.0, 0.0, 0.0, 0.0, 0.0, 0.0, 0.0, 0.0, 0.0, 0.0, 0.0, 0.0, 0.0, 0.0, 0.0, 0.0, 0.0, 0.0, 0.0, 0.0], "3": [0.0, 0.0, 0.0, 0.0, 0.0, 0.0, 0.0, 0.0, 0.0, 0.0, 0.0, 0.0, 0.0, 0.0, 0.0, 0.0, 0.0, 0.0, 0.0, 0.0]}, "group_val_acc_mean": {"1": [0.5049707602339182, 0.55, 0.5675438596491228, 0.5055555555555555, 0.610233918128655, 0.5292397660818714, 0.610233918128655, 0.5347953216374269, 0.6347953216374269, 0.6070175438596491, 0.6403508771929824, 0.6257309941520468, 0.6631578947368421, 0.62953216374269, 0.6555555555555556, 0.6757309941520467, 0.6698830409356725, 0.6625730994152047, 0.6432748538011696, 0.6681286549707602], "2": [0.7885964912280702, 0.8131578947368421, 0.843859649122807, 0.8423976608187135, 0.8192982456140351, 0.7611111111111111, 0.8330409356725146, 0.8385964912280702, 0.8374269005847953, 0.8312865497076023, 0.835672514619883, 0.8441520467836258, 0.8423976608187135, 0.8304093567251462, 0.8353801169590643, 0.8324561403508772, 0.8269005847953217, 0.8421052631578947, 0.8394736842105263, 0.8456140350877193], "3": [0.8073099415204679, 0.8371345029239766, 0.8447368421052631, 0.8327485380116959, 0.8380116959064328, 0.8470760233918129, 0.8409356725146199, 0.8406432748538012, 0.8362573099415205, 0.8140350877192982, 0.8309941520467836, 0.8318713450292398, 0.8254385964912281, 0.8388888888888889, 0.8286549707602339, 0.8324561403508772, 0.8298245614035088, 0.8374269005847953, 0.8277777777777777, 0.8283625730994152]}, "group_val_acc_std": {"1": [0.0, 0.0, 0.0, 0.0, 0.0, 0.0, 0.0, 0.0, 0.0, 0.0, 0.0, 0.0, 0.0, 0.0, 0.0, 0.0, 0.0, 0.0, 0.0, 0.0], "2": [0.0, 0.0, 0.0, 0.0, 0.0, 0.0, 0.0, 0.0, 0.0, 0.0, 0.0, 0.0, 0.0, 0.0, 0.0, 0.0, 0.0, 0.0, 0.0, 0.0], "3": [0.0, 0.0, 0.0, 0.0, 0.0, 0.0, 0.0, 0.0, 0.0, 0.0, 0.0, 0.0, 0.0, 0.0, 0.0, 0.0, 0.0, 0.0, 0.0, 0.0]}}