{"group_train_loss_mean": {"1": [4.215182814333174, 4.1608719031016035, 4.011000825299157, 3.8137598567538795, 3.5541611115137735, 3.3073743714226613, 3.041290435526106, 2.841542051898108, 2.619112054506938, 2.43918905655543, 2.2631169954935713, 2.1075795855787067, 1.9485853082603881, 1.8784603145387437, 1.7861383590433333, 1.7474924657079909, 1.684323658545812, 1.6462416847546895, 1.60979183183776, 1.5869096716245015], "2": [12.301827557881673, 11.520089276631673, 11.051420593261717, 10.550811640421548, 10.031712500254311, 9.585701306660969, 9.144583225250244, 8.734887409210206, 8.403925450642904, 8.029048045476276, 7.716983970006306, 7.4144040266672775, 7.101244258880615, 6.912991730372111, 6.629582182566326, 6.34843479792277, 6.131531985600789, 5.946174875895183, 5.7724723021189375, 5.567152547836304], "3": [4.193738924132453, 4.090110924508837, 3.9701687627368503, 3.777446265573855, 3.541009849972195, 3.2800858683056298, 3.0382353597217135, 2.7994129348684242, 2.623123111548247, 2.425875412093269, 2.2047985284416765, 2.0500680561418885, 1.9481387182518288, 1.8350535741558778, 1.7785694268014696, 1.7195526802981342, 1.6584414817668773, 1.6215936696087871, 1.586950895962892, 1.5655732110694602]}, "group_train_loss_std": {"1": [0.02468280561085317, 0.0342744178229623, 0.04202807909066769, 0.03411421497875456, 0.03150082480777974, 0.039786249022330335, 0.04407831469664226, 0.02993429542424617, 0.03875600384595192, 0.019622784731355127, 0.05248197777710109, 0.026392642626279196, 0.022390766206942806, 0.04733041859963678, 0.05553374493590069, 0.03790946363146501, 0.04599474477575396, 0.044768951603920214, 0.06720690094425692, 0.04727911401364681], "2": [0.0590182750046299, 0.08753106278466478, 0.06426063808306988, 0.04551971390010861, 0.04759569181130386, 0.0450470771095849, 0.0769076252018326, 0.03197511577582459, 0.061868276274330516, 0.07235443563253759, 0.07013657879821512, 0.08282279527531695, 0.05599379274646972, 0.11218813805781204, 0.1302112987126724, 0.10574773694852964, 0.11752682439289489, 0.06079796638928846, 0.06125728006395915, 0.07115229932246551], "3": [0.02921257147599983, 0.09975871081132215, 0.10207926421953147, 0.09667434421712705, 0.06105439833109267, 0.056533007415644675, 0.05982692926214363, 0.07198088398876255, 0.04370983965997798, 0.050815710779318984, 0.039220784845557466, 0.051902505402675506, 0.04084508370978269, 0.04839875046602446, 0.06052695532951874, 0.058380368707218744, 0.044016331392798314, 0.057181872093666236, 0.067889352223542, 0.05354726768967607]}, "group_val_loss_mean": {"1": [4.293703090377718, 4.269191658752471, 4.245739063556663, 4.210692351324516, 4.149556705129077, 4.055403885785599, 3.923201936959756, 3.7611133373736405, 3.595700991316381, 3.3930544493026438, 3.163356953661809, 2.809190940903409, 2.4459872715189674, 2.196920017285189, 1.9728403696772183, 1.8776451148252506, 1.7520284695699668, 1.7039376104551918, 1.6394621195384167, 1.6742749888065032], "2": [14.393721214651361, 12.106218194124992, 10.847203951830055, 10.725892290037278, 10.17486481136746, 9.703142972578082, 9.393376005741588, 9.214385713053028, 8.73593755353961, 8.586569364447342, 8.226508021772954, 8.094702937031352, 7.8814510847392825, 8.706344051807246, 7.51943265401829, 7.284473280321087, 8.17155032408865, 7.022999196861223, 7.226072845682066, 6.909274860292848], "3": [4.3070865901280255, 4.275046226186671, 4.248635094068202, 4.212748966564058, 4.15169633805868, 4.054377756001037, 3.932897404620522, 3.761279765935282, 3.586460637612495, 3.4073870693266275, 3.147236369816493, 2.7645251523216796, 2.447274426657941, 2.1248723074087006, 1.9083515523392478, 1.7650566477524605, 1.725833054794128, 1.6613657648025821, 1.609035984582139, 1.6247393566730193]}, "group_val_loss_std": {"1": [0.013230091637579267, 0.007080005959283197, 0.004957006895242677, 0.007516009410112072, 0.016880276535740927, 0.02293623283095351, 0.02503666678892636, 0.0446321524554383, 0.06901344376311236, 0.060481019552969605, 0.05406441313736096, 0.07245890955912594, 0.05625616458966445, 0.06730227228591089, 0.07491041447143328, 0.08734915865377726, 0.04509370151983755, 0.09810290058483094, 0.059984547263386, 0.11747511708461561], "2": [1.457267898133551, 0.6591344057809451, 0.22105533479107362, 0.37393809962674673, 0.27390474396449593, 0.15151475145702434, 0.14319070728227107, 0.11851002625485446, 0.20026966763674026, 0.2136309053389126, 0.24333344127683113, 0.3034680379195626, 0.21457696626263223, 0.9985753812174109, 0.3516301319767783, 0.3140887658435236, 1.5829743866851682, 0.45235816054933825, 1.1414100191900716, 0.5634409440872424], "3": [0.024243143521723968, 0.012671822267122702, 0.008070407308384668, 0.008338318645180677, 0.013775192658327355, 0.025231587333048956, 0.02737545895250579, 0.04012385940513273, 0.04281773268298827, 0.06639099687676263, 0.040811615832871, 0.07004429650979573, 0.05861476774625062, 0.07666905686541303, 0.08577672157150865, 0.07973923804496941, 0.11762847583809703, 0.06343435428711912, 0.0817641983945898, 0.0639995005178624]}, "group_train_acc_mean": {"1": [0.16999222559494206, 0.2535456431891067, 0.23498282199470655, 0.23009809469911338, 0.2422941926337512, 0.27160541464446386, 0.30384490061909414, 0.3336548850131193, 0.3800669399141386, 0.40498648053826325, 0.43380465663997075, 0.45529860003544215, 0.4665286138121452, 0.4831392590306003, 0.4885170322351986, 0.5080559414175713, 0.5061009072044725, 0.5026838846872803, 0.518794338403846, 0.5202591849450933], "2": [0.25072627806074327, 0.4914835965769752, 0.5418857505444941, 0.5705818799197406, 0.5975510624067499, 0.5969542624890672, 0.60690092778378, 0.614515271561112, 0.6209703143489221, 0.6367872271098076, 0.6625799591843734, 0.6654987909656839, 0.6854298502855378, 0.6806983245013806, 0.703558505256298, 0.7246608701617191, 0.7439882697947215, 0.7551405395208451, 0.761002212275557, 0.7727169830735197], "3": [0.26814837680712045, 0.5203411210768313, 0.5730565416473736, 0.6016770230126203, 0.626421734797513, 0.6218590355545648, 0.62316715542522, 0.6384511022315211, 0.6605881489865645, 0.668072919346264, 0.6781624964986596, 0.687922423632667, 0.701262769174484, 0.7090619456210855, 0.7172203072033293, 0.7341429766443915, 0.7478101139674428, 0.7617897518859602, 0.7767469069110269, 0.7829292738743786]}, "group_train_acc_std": {"1": [0.026078985782853947, 0.034089534065627224, 0.03507437427497378, 0.02138535659940436, 0.014709487367091875, 0.019762436475542603, 0.02292075548696611, 0.012713221421439252, 0.024016925651727934, 0.01810472685708543, 0.02548922004647188, 0.020457172516259, 0.012291008427140954, 0.027034210295007334, 0.02717508401138704, 0.024352574937369142, 0.030735207590240805, 0.02439405194469849, 0.01957403761104833, 0.030761702839476355], "2": [0.012393825655165168, 0.028856976987348393, 0.010566544810328263, 0.019586468161106554, 0.016962231099632966, 0.020837951103496132, 0.012967971334457033, 0.024906062096365707, 0.0230621173737856, 0.021091638459054103, 0.028945091279381243, 0.03172521264098396, 0.023036728848548148, 0.034137297520044345, 0.020631267970510264, 0.01585439579540616, 0.030771339868079922, 0.021815662196764084, 0.021854013420695987, 0.024401522348805663], "3": [0.03808487265938312, 0.021526812611461697, 0.02757374669265667, 0.027494127898656746, 0.024064502340456536, 0.018468729824503632, 0.023589715388267374, 0.02576189704196281, 0.02933961251759946, 0.024917329231987483, 0.026005406192839163, 0.03852335204913786, 0.0423941849463608, 0.048538909825863834, 0.03413432342121497, 0.019456340800132605, 0.0346754971408043, 0.017800753169036322, 0.02703965608413393, 0.033891386426806246]},