{"group_train_loss_mean": {"1": [4.227133174737295, 4.212242603302002, 4.109839230775833, 3.893608311812083, 3.5983366469542184, 3.303145200014114, 3.0330389936765036, 2.7966464459896088, 2.603487273057302, 2.4057671030362444, 2.219311828414599, 2.052651599049568, 1.9406235069036482, 1.794150486588478, 1.732985426982244, 1.6870117982228596, 1.6312656998634338, 1.6309798657894135, 1.5866119762261708, 1.5407751997311911], "2": [12.408946832021078, 11.543430209159851, 10.928692698478699, 10.343928416570028, 9.76930026213328, 9.172580202420551, 8.653994798660278, 8.31193765004476, 7.827155808607737, 7.530112107594808, 7.129330774148305, 6.7880928715070095, 6.575111071268718, 6.353528559207917, 6.110840499401092, 6.0091951092084255, 5.772069096565247, 5.525853157043458, 5.375979284445445, 5.210254371166229], "3": [4.202770799398422, 4.150880648030175, 4.0454963710572995, 3.845168630282084, 3.588548752996657, 3.3251267704698773, 3.0754581491152444, 2.8609200649791298, 2.6752393775516086, 2.4598301847775774, 2.2901350822713638, 2.1274064266019397, 1.990289984477891, 1.8941730906565983, 1.7976222551531265, 1.761896050638623, 1.7006355656517878, 1.6716425899002285, 1.6422990709543228, 1.6282119651635487]}, "group_train_loss_std": {"1": [0.017230334501152793, 0.010183480539135332, 0.02841837862610438, 0.05887854079986756, 0.05965891805863275, 0.056767310447829476, 0.06219863349640599, 0.0548526095359521, 0.05526213526067798, 0.05282186158146706, 0.06222208840780581, 0.05614348194629238, 0.0726219893995604, 0.043209593804508825, 0.046893490276221805, 0.054910123133000796, 0.06080950261446356, 0.05812204817422062, 0.04268306339191439, 0.05700065702787245], "2": [0.1224964562863115, 0.2726200617927829, 0.20746143445166276, 0.15809003553142756, 0.1360746077781251, 0.12834755687873864, 0.07684351590113196, 0.16478419023361793, 0.14938030210023362, 0.1358602967850065, 0.08669080515114613, 0.0742664417841277, 0.0881545359814586, 0.11985676949618926, 0.12307661938148516, 0.1522241322733723, 0.07930687138955426, 0.06133485943614617, 0.06527957296798935, 0.10883540997061247], "3": [0.0212784972309896, 0.040671280277160216, 0.039750803574017425, 0.051373147036530314, 0.054084834299789025, 0.05075292119568021, 0.05775176432917442, 0.06159087572677516, 0.05311965467547949, 0.047279158246441626, 0.05932880679236741, 0.07229470818511433, 0.04215055823044949, 0.0639860025070725, 0.055870875047417445, 0.05775068222522673, 0.049579581531768904, 0.07289595693687158, 0.06465382211765741, 0.0750689902436717]}, "group_val_loss_mean": {"1": [4.289652402637994, 4.268291513125102, 4.24616118969276, 4.212909890894305, 4.148306053284316, 4.037767027902324, 3.9005747482790585, 3.733146237699609, 3.5437395213640226, 3.337185301975897, 3.0774604869864834, 2.7063814879160875, 2.387954423302098, 2.1217367532309033, 1.8805482424142068, 1.8029627712846499, 1.679273368845209, 1.7148395316642628, 1.6365363136021016, 1.5459142585246883], "2": [14.04014954232333, 11.943380116022123, 11.00318536144948, 10.327283682181822, 10.167828110923544, 9.465400759936774, 9.283665474395306, 9.087044112166467, 8.561114511991804, 8.157356405815882, 8.16974485408493, 7.613726869661209, 7.268907323915359, 7.9168795521496325, 7.132758156597963, 7.180819886469702, 6.9134166157036505, 6.557775707969888, 6.4439001243714005, 6.306193355928388], "3": [4.303206516520555, 4.2717461316441465, 4.247162751984178, 4.214556255303395, 4.155505262155515, 4.055111251611692, 3.91937088292477, 3.74465403954188, 3.5594922380837786, 3.343427934260861, 3.08498819215953, 2.77553638693882, 2.468820092389923, 2.189730629818714, 1.9694171404977985, 1.8545078042654966, 1.7590374119332892, 1.6671429654078642, 1.6582285764156957, 1.6407581734494625]}, "group_val_loss_std": {"1": [0.005991571951669769, 0.0027675951103524666, 0.002470805108608347, 0.004088653172002833, 0.0044902416763286665, 0.009628543846681388, 0.008098957210992892, 0.01524061391433284, 0.029187142777947712, 0.028447357951641477, 0.03907403349055139, 0.016512313059495805, 0.02956187773145092, 0.03691041559402235, 0.023087379783801938, 0.052372091005838686, 0.05819724811704358, 0.060060979291831025, 0.06746205372309452, 0.043338567970513386], "2": [1.4450876586081554, 0.10994323439820994, 0.2628584395356937, 0.20928759092614208, 0.1838270352544557, 0.06165315658116899, 0.3250645684238473, 0.07822767895538392, 0.19692149730068526, 0.18139921741139678, 0.49611426092374317, 0.10510012580004295, 0.09000485734324493, 0.7076655580812247, 0.13269646459528078, 0.6504625163790922, 0.2881279838498201, 0.2883145639440148, 0.15238285543753363, 0.42265058692566265], "3": [0.01090648106901484, 0.005045093874761243, 0.004082565817753693, 0.005496231862281822, 0.008721921440896282, 0.014460981469114778, 0.021604682681165263, 0.023368167207310775, 0.028222899132356725, 0.03212023248424216, 0.031986696609998096, 0.04832558448048977, 0.06850947499461363, 0.06912017599404428, 0.07353013434244236, 0.09361972224903663, 0.06687221178837616, 0.08361397303309533, 0.09720119054952454, 0.07190225228436987]}, "group_train_acc_mean": {"1": [0.16980501106137777, 0.24596131090188816, 0.25914064241738266, 0.2445057536313903, 0.2496398621186397, 0.2833170413815575, 0.31697492754368817, 0.36311973727084085, 0.37261837389171854, 0.3945975030440225, 0.41437721870659056, 0.43705947419869323, 0.46049630429936034, 0.4882955188557905, 0.5029261202860524, 0.5117173432114009, 0.5226822554921027, 0.5175717274613709, 0.5343953113477732, 0.5380545694637375], "2": [0.19501466275659823, 0.4868035190615836, 0.6422287390029325, 0.7302052785923754, 0.751466275659824, 0.7851906158357771, 0.7976539589442815, 0.7859237536656891, 0.7903225806451613, 0.7903225806451613, 0.8196480938416423, 0.8409090909090909, 0.8394428152492669, 0.8460410557184751, 0.8548387096774194, 0.8343108504398827, 0.8467741935483871, 0.8797653958944281, 0.874633431085044, 0.8804985337243402], "3": [0.21381400307546317, 0.5084175084175085, 0.6731763017841117, 0.7273448977608571, 0.7615215539663757, 0.7798521433920415, 0.7927906684273407, 0.7930121818067488, 0.7966685816855597, 0.7893457780979003, 0.8106039169281952, 0.8247486180423361, 0.8376907158740773, 0.8342915573390953, 0.838654656354147, 0.8530787501500573, 0.8650111757072706, 0.8750185785414987, 0.8918550244950922, 0.896015903231523]}, "group_train_acc_std": {"1": [0.04072556206916576, 0.032729973827399964, 0.029039037684607395, 0.019893304139934415, 0.028357434547159735, 0.025840783948356996, 0.025646983749768693, 0.03898254256101334, 0.02390376844781267, 0.034695114331448236, 0.020705520284099232, 0.015879589362680673, 0.03208481439368719, 0.010191748885427343, 0.009643452281565029, 0.01635988152070406, 0.017528606685956547, 0.019837522574551732, 0.013003009759151165, 0.010360781669447061], "2": [0.03106982419415995, 0.05567987550160562, 0.05028278064364294, 0.035494775474809954, 0.034535383323501076, 0.03036111325637634, 0.009273541525420459, 0.03158454432336953, 0.03848799046453576, 0.03168648502195647, 0.013832816909173934, 0.015430766260886488, 0.030572814460400364, 0.03001391420888376, 0.032291371767661614, 0.04221753680025798, 0.03551748244513, 0.027587811909423405, 0.03201555067580356, 0.013813375133003488], "3": [0.025740658846452893, 0.059725663206792616, 0.05878321243907374, 0.043118277618669175, 0.029515179641626497, 0.032550107200934306, 0.031406997765950156, 0.04870531232504561, 0.036907076611311256, 0.030675224693168923, 0.022918683976478532, 0.02325306706688815, 0.03530314282440174, 0.02844297260698921, 0.02567098735867447, 0.0351601520688095, 0.022660446920108053, 0.022955066976680146, 0.023223945891391432, 0.026560231805249815]},