{"group_train_loss_mean": {"1": [4.215182814333174, 4.1608719031016035, 4.011000825299157, 3.8137598567538795, 3.5541611115137735, 3.3073743714226613, 3.041290435526106, 2.841542051898108, 2.619112054506938, 2.43918905655543, 2.2631169954935713, 2.1075795855787067, 1.9485853082603881, 1.8784603145387437, 1.7861383590433333, 1.7474924657079909, 1.684323658545812, 1.6462416847546895, 1.60979183183776, 1.5869096716245015], "2": [12.413740030924478, 11.426823616027832, 10.747869427998861, 10.185175768534343, 9.587742519378663, 9.061601924896241, 8.574563121795654, 8.103436247507732, 7.726920652389526, 7.3622020244598385, 7.074809726079304, 6.721738497416178, 6.3677763144175215, 6.176731061935425, 5.921638536453247, 5.6763617674509685, 5.510337575276692, 5.3572335561116535, 5.184991534550984, 5.030271037419637], "3": [4.193738924132453, 4.090110924508837, 3.9701687627368503, 3.777446265573855, 3.541009849972195, 3.2800858683056298, 3.0382353597217135, 2.7994129348684242, 2.623123111548247, 2.425875412093269, 2.2047985284416765, 2.0500680561418885, 1.9481387182518288, 1.8350535741558778, 1.7785694268014696, 1.7195526802981342, 1.6584414817668773, 1.6215936696087871, 1.586950895962892, 1.5655732110694602]}, "group_train_loss_std": {"1": [0.02468280561085317, 0.0342744178229623, 0.04202807909066769, 0.03411421497875456, 0.03150082480777974, 0.039786249022330335, 0.04407831469664226, 0.02993429542424617, 0.03875600384595192, 0.019622784731355127, 0.05248197777710109, 0.026392642626279196, 0.022390766206942806, 0.04733041859963678, 0.05553374493590069, 0.03790946363146501, 0.04599474477575396, 0.044768951603920214, 0.06720690094425692, 0.04727911401364681], "2": [0.01031725176379068, 0.14444431376237826, 0.12983486641465122, 0.11012649534083768, 0.07642179820630277, 0.05939831834415899, 0.05835007702656883, 0.06271091433968015, 0.03514740684482881, 0.08327515952448489, 0.07407328641912904, 0.08342276476847248, 0.04312718277424596, 0.10992071435109951, 0.07288929640795706, 0.03153520751437678, 0.07962124232633147, 0.13092344815827, 0.13218328712901728, 0.11516927745556836], "3": [0.02921257147599983, 0.09975871081132215, 0.10207926421953147, 0.09667434421712705, 0.06105439833109267, 0.056533007415644675, 0.05982692926214363, 0.07198088398876255, 0.04370983965997798, 0.050815710779318984, 0.039220784845557466, 0.051902505402675506, 0.04084508370978269, 0.04839875046602446, 0.06052695532951874, 0.058380368707218744, 0.044016331392798314, 0.057181872093666236, 0.067889352223542, 0.05354726768967607]}, "group_val_loss_mean": {"1": [4.293703090377718, 4.269191658752471, 4.245739063556663, 4.210692351324516, 4.149556705129077, 4.055403885785599, 3.923201936959756, 3.7611133373736405, 3.595700991316381, 3.3930544493026438, 3.163356953661809, 2.809190940903409, 2.4459872715189674, 2.196920017285189, 1.9728403696772183, 1.8776451148252506, 1.7520284695699668, 1.7039376104551918, 1.6394621195384167, 1.6742749888065032], "2": [15.005387678759837, 12.598805230123954, 10.968864429763883, 10.266307992544787, 9.804924073693348, 9.403594869200948, 9.026849090843868, 8.704524190802323, 8.122302704526668, 8.129667468377722, 7.767535776841013, 7.441889525296395, 6.9993584510178595, 6.952069655078196, 6.64679298679731, 6.404562611050077, 6.355916762770269, 6.936460033773679, 6.240960460238986, 5.693229497385304], "3": [4.3070865901280255, 4.275046226186671, 4.248635094068202, 4.212748966564058, 4.15169633805868, 4.054377756001037, 3.932897404620522, 3.761279765935282, 3.586460637612495, 3.4073870693266275, 3.147236369816493, 2.7645251523216796, 2.447274426657941, 2.1248723074087006, 1.9083515523392478, 1.7650566477524605, 1.725833054794128, 1.6613657648025821, 1.609035984582139, 1.6247393566730193]}, "group_val_loss_std": {"1": [0.013230091637579267, 0.007080005959283197, 0.004957006895242677, 0.007516009410112072, 0.016880276535740927, 0.02293623283095351, 0.02503666678892636, 0.0446321524554383, 0.06901344376311236, 0.060481019552969605, 0.05406441313736096, 0.07245890955912594, 0.05625616458966445, 0.06730227228591089, 0.07491041447143328, 0.08734915865377726, 0.04509370151983755, 0.09810290058483094, 0.059984547263386, 0.11747511708461561], "2": [1.655848622121909, 0.7581004805460528, 0.3670492327472171, 0.1578012980311572, 0.1833828654229228, 0.1665752873250645, 0.122127322588489, 0.059693244561510685, 0.20486989457504304, 0.2586926513611989, 0.1828077626091613, 0.18376598459170065, 0.1627958068347334, 0.26711390677241775, 0.31088500827073373, 0.13109822263184157, 0.27887183778971003, 1.1407634053808078, 0.5891224332044145, 0.18610167517388954], "3": [0.024243143521723968, 0.012671822267122702, 0.008070407308384668, 0.008338318645180677, 0.013775192658327355, 0.025231587333048956, 0.02737545895250579, 0.04012385940513273, 0.04281773268298827, 0.06639099687676263, 0.040811615832871, 0.07004429650979573, 0.05861476774625062, 0.07666905686541303, 0.08577672157150865, 0.07973923804496941, 0.11762847583809703, 0.06343435428711912, 0.0817641983945898, 0.0639995005178624]}, "group_train_acc_mean": {"1": [0.16999222559494206, 0.2535456431891067, 0.23498282199470655, 0.23009809469911338, 0.2422941926337512, 0.27160541464446386, 0.30384490061909414, 0.3336548850131193, 0.3800669399141386, 0.40498648053826325, 0.43380465663997075, 0.45529860003544215, 0.4665286138121452, 0.4831392590306003, 0.4885170322351986, 0.5080559414175713, 0.5061009072044725, 0.5026838846872803, 0.518794338403846, 0.5202591849450933], "2": [0.19389137555521258, 0.5208108247157484, 0.6813157037265695, 0.7428186791514466, 0.7920426677642297, 0.7973246900241808, 0.8142803244670818, 0.8301006671125517, 0.8230882680797791, 0.8313045566016705, 0.8482807703520777, 0.8611839961585293, 0.8804856716571487, 0.8711340913378265, 0.8916173620757661, 0.8957297936924423, 0.8968685153744577, 0.896871945259042, 0.8991974070072543, 0.8927835228344566], "3": [0.23171633330094002, 0.536278651445601, 0.700282393830781, 0.7653577845994372, 0.7953025825125429, 0.8030960424848371, 0.8190545332594003, 0.8294651857187227, 0.8411896745230079, 0.8402092991793048, 0.8548568118460592, 0.8636392218735174, 0.8626655157498395, 0.8652550786110491, 0.8864308049367472, 0.8965394370035003, 0.9023807209998496, 0.9023730990341063, 0.9082115247933018, 0.9121225459652172]}, "group_train_acc_std": {"1": [0.026078985782853947, 0.034089534065627224, 0.03507437427497378, 0.02138535659940436, 0.014709487367091875, 0.019762436475542603, 0.02292075548696611, 0.012713221421439252, 0.024016925651727934, 0.01810472685708543, 0.02548922004647188, 0.020457172516259, 0.012291008427140954, 0.027034210295007334, 0.02717508401138704, 0.024352574937369142, 0.030735207590240805, 0.02439405194469849, 0.01957403761104833, 0.030761702839476355], "2": [0.01886061613361986, 0.04875192028015776, 0.041075819211226244, 0.03640068011255364, 0.029811580150376743, 0.02402986576144617, 0.026206359689692833, 0.021305510869917305, 0.015257819888664792, 0.04035364586718847, 0.017441799821477328, 0.029344033739358562, 0.022761443250881492, 0.03239597056234268, 0.012734328673760023, 0.010522766842055274, 0.021196134224273945, 0.01821483150211626, 0.041059775825186474, 0.016592791545515583], "3": [0.026404191789514576, 0.04303394348548308, 0.027895972616489257, 0.022292116319600052, 0.024155505105061315, 0.030452245354040012, 0.017907213569630053, 0.0242538001867114, 0.01835487297893374, 0.028085664960626505, 0.019153746227428863, 0.015549062311223567, 0.023149518154429536, 0.030346579652867765, 0.02147267511423169, 0.02736398293954453, 0.029478564953577008, 0.02620327975839301, 0.024230536886992376, 0.032393095624484794]},