{"group_train_loss_mean": {"1": [4.0635877052942915, 4.010360499223074, 3.871051291624705, 3.668933014074961, 3.4423143466313673, 3.2139706942770214, 2.9867385625839233, 2.752177099386851, 2.5173572003841396, 2.2881865898768106, 2.078518741660648, 1.902509739001592, 1.7620226740837097, 1.653976258304384, 1.5721686979134877, 1.5092122422324286, 1.457429475254483, 1.4145772953828175, 1.378547128703859, 1.348175863424937], "2": [3.698453871409098, 2.9213246186574304, 2.406517553329468, 2.0551721096038817, 1.741752803325653, 1.471772805849711, 1.2732781529426576, 1.1122646590073904, 0.9156819959481556, 0.7974318484465281, 0.6788782189289729, 0.5561408683657645, 0.4888160352905591, 0.4180106898148854, 0.3419863308469454, 0.285041007399559, 0.24958621362845107, 0.20246326004465423, 0.17956987445553144, 0.1984188213944435], "3": [3.6517750554614596, 2.8169066177474127, 2.3242286995605186, 2.0081118610170154, 1.7380435091477855, 1.507471881530903, 1.299210089224356, 1.0851388937897155, 0.9085398559217099, 0.7900348852078118, 0.7206357364301329, 0.57821592633371, 0.5174860750083571, 0.46224014185093076, 0.39441762450668544, 0.3370683328421028, 0.24968977286307903, 0.19414375998355723, 0.18454258447444, 0.157902079599875]}, "group_train_loss_std": {"1": [0.024097052363076653, 0.047568471857912284, 0.042697587324871465, 0.030146075674890853, 0.02180022981962565, 0.018216445625024457, 0.01644358504983224, 0.017327518464426293, 0.018599596398425268, 0.018313389343959853, 0.01749302458468137, 0.01737396260780971, 0.01830587699230551, 0.02171911837601675, 0.02485929902736831, 0.03019775742159218, 0.0336724618324101, 0.03514071551921903, 0.03598513105758715, 0.03922449977917489], "2": [0.0878697748269923, 0.17124497464975905, 0.13956673514831464, 0.109859255895727, 0.0887290473353892, 0.09048324234106787, 0.0907633985703602, 0.08872265604103169, 0.05806275715371134, 0.04766623611099338, 0.074692011946737, 0.04333157352670698, 0.04461924850932822, 0.03510972150616054, 0.020759483878121193, 0.018402387984279463, 0.016785195814087408, 0.013564090928532658, 0.024024142111683515, 0.0465212334946783], "3": [0.08228399006377171, 0.24719374217316395, 0.2601771178732308, 0.2371537872954784, 0.20309050094990994, 0.1735638978843704, 0.14201495526919952, 0.10334768006391669, 0.06886589628055613, 0.06861115407981537, 0.09758599178079504, 0.08495286802032541, 0.06981267981206554, 0.10046568430515485, 0.11598330447128, 0.09579932371701819, 0.0373166455895686, 0.03276141425636725, 0.0592569758769825, 0.0306080671892989]}, "group_val_loss_mean": {"1": [4.143103050209626, 4.128807710160522, 4.108681017427649, 4.075989041412086, 4.018449723371986, 3.92316714713448, 3.7933170281887985, 3.641159763345477, 3.461016132817631, 3.2379226342976444, 2.9463576176013166, 2.6077207877622013, 2.2609764435137922, 1.977657615557516, 1.7945249359510098, 1.6563783915419326, 1.568966930024108, 1.503558069293262, 1.4762145964025752, 1.4300602641951503], "2": [5.980679299538595, 3.91586895295751, 2.7176312240243656, 2.5173037244562515, 2.5291610695465265, 2.238222623568529, 2.2242157390940256, 2.009792465633816, 1.9399979206553675, 1.8226838290342813, 1.7145628446723982, 1.6052886317347923, 1.5072700372216299, 1.5497610997038278, 1.4492187717504668, 1.15386204203667, 1.1435840921792368, 1.0353274763676157, 1.2889287323282477, 1.4211867411234225], "3": [4.121921576022172, 3.37059896963614, 2.7385218272044956, 2.3260277537574545, 2.2262398305072497, 2.297937885285043, 2.0571661276659308, 2.012366592767875, 1.8747118826110767, 1.679394253900564, 1.887982041360187, 1.6360937727977114, 1.5695393364331875, 1.5245349257700314, 1.3315631105111279, 1.3259417717142334, 1.180498968710599, 1.0282101252390394, 1.0402776313494213, 0.9762383388032225]}, "group_val_loss_std": {"1": [0.004993714471805389, 0.002462820442227204, 0.002650346415481874, 0.00575938219718429, 0.011216578046741964, 0.023130347047211654, 0.0393390511754348, 0.051871407637966035, 0.05626334224180571, 0.0600101579833488, 0.0675866808449418, 0.0751984206326668, 0.0660226564111878, 0.05231480355954908, 0.040664830591492396, 0.03612769052859064, 0.04511401061498762, 0.049777929120067316, 0.054061792147077105, 0.05335956712968297], "2": [3.161895455726333, 1.0543037851105168, 0.17000462142585848, 0.20517492115644329, 0.2041843185861669, 0.2908697861065152, 0.18426025965389195, 0.2754076089350339, 0.2491922724103179, 0.13573091309794394, 0.2609941446893584, 0.27056889521271893, 0.19344051612125246, 0.2796508748826997, 0.218231501447476, 0.11694291315817142, 0.24062514426908055, 0.0993996053794197, 0.40131133921117745, 0.3818499112973132], "3": [0.05276171235718291, 0.45884126467334985, 0.37449235395588315, 0.22453131313736358, 0.26117746874536896, 0.21679274794879602, 0.18280720303890657, 0.21752363517118087, 0.2575528430566781, 0.21420975419056792, 0.5634676183684821, 0.41699341067822576, 0.2806996130078874, 0.18282959709523644, 0.22179458670991667, 0.18890853939193308, 0.26413071949667316, 0.1311646664346316, 0.24399214832489505, 0.26058871143121565]}, "group_train_acc_mean": {"1": [0.15875506622535482, 0.25060451715799764, 0.24084649551542592, 0.24377475947934354, 0.25647390715302426, 0.26574317024232136, 0.30334899647293534, 0.34292414810241634, 0.39471111797088027, 0.42597451595753805, 0.459683135829146, 0.47775291111454105, 0.48898721224697456, 0.4884998828122767, 0.49924542539143557, 0.5104840138795996, 0.5168364459535937, 0.5212281273401816, 0.530511681615247, 0.5373485848867853], "2": [0.2161736207576615, 0.5166915333299035, 0.7052974567405806, 0.7773781962236971, 0.8183927560837578, 0.8447668535953765, 0.8488741403851761, 0.8435766836445954, 0.8757970194302962, 0.8681878204798409, 0.8916173620757661, 0.9138824578552931, 0.9185779698513145, 0.9396614703915214, 0.9437636123544444, 0.9531460616350259, 0.9642743221690591, 0.9742227024060639, 0.9759822331978529, 0.9642537428615526], "3": [0.21478699463985257, 0.5489978067793575, 0.7292725405345667, 0.7884809231724907, 0.8164592539238833, 0.8307618726407634, 0.8431332757874919, 0.8587487781036168, 0.8776426784349818, 0.8792833065611787, 0.8812402462657132, 0.9027313314240308, 0.9101951413779372, 0.9173521672106845, 0.9345778097900338, 0.9387975205745437, 0.9661470391521326, 0.9729868006608243, 0.9739747979702705, 0.9752743431294648]}, "group_train_acc_std": {"1": [0.02237154855238553, 0.03215101068973672, 0.027840639591534346, 0.02233064159577599, 0.02226320628086793, 0.012702754937904731, 0.02402826754176744, 0.020910617128539366, 0.03485547117399698, 0.04501531112699558, 0.0372696235491975, 0.03351612337951144, 0.031423648533260275, 0.026941066784085893, 0.031093777793302857, 0.03229972808647186, 0.03381109659275795, 0.038362291411794085, 0.038405614352635564, 0.040601543584291556], "2": [0.021273127178318512, 0.03407832316692832, 0.024934993424344448, 0.02248145421348612, 0.02489638234036431, 0.028734681071717005, 0.029144652667245134, 0.03470054662147354, 0.024894840568863597, 0.022492400409727737, 0.02481923734908426, 0.011660521069907498, 0.009277000262485697, 0.005416822164411415, 0.011447963136332447, 0.014176838256773664, 0.007220401148422844, 0.00751416090029628, 0.003405963469761352, 0.013318174267936075], "3": [0.028386882264362052, 0.04068215457682499, 0.03188310409630733, 0.02451925503167548, 0.01743080570397472, 0.018501934704593867, 0.02191965336767127, 0.02897211539021526, 0.018120801626158183, 0.019678006413002574, 0.0273567123452503, 0.028267219812711707, 0.02592820394470996, 0.030998902994163816, 0.03196852942529432, 0.031017042305079803, 0.013711401262447813, 0.010942428621451769, 0.0166179321221231, 0.011118861492931474]},