{"group_train_loss_mean": {"1": [4.207190096378326, 4.174255470434825, 4.104352871576945, 3.9662420617209535, 3.7692705525292287, 3.6114226182301845, 3.403539273473952, 3.2619529498947997, 3.0690742201275296, 2.9306424922413297, 2.80760238567988, 2.6631067792574563, 2.4879935979843135, 2.4325078792042203, 2.3252880937523313, 2.3566412561469607, 2.191036224365234, 2.170929935243395, 2.1339307096269393, 2.076473318868213], "2": [12.1968687693278, 11.27973985671997, 10.709010537465414, 10.23785359064738, 9.731429163614909, 9.247895685831704, 8.806814575195313, 8.39844799041748, 7.927322800954182, 7.6138880252838135, 7.329953050613403, 7.069539213180542, 6.739821974436441, 6.483542950948079, 6.20252407391866, 5.992448520660401, 5.751781622568766, 5.503870423634846, 5.312026373545328, 5.195790465672811], "3": [4.192090056560657, 4.127201667538396, 4.0571673313776655, 3.9404715299606323, 3.789881322118971, 3.5955079705626876, 3.3821049575452453, 3.17339085649561, 3.001293857892354, 2.8270263539420233, 2.695708742848149, 2.5934683437700623, 2.48819840837408, 2.3661060443630926, 2.3059453014974243, 2.221427060939648, 2.186126715607114, 2.1129383047421775, 2.093748335485105, 2.037694895709002]}, "group_train_loss_std": {"1": [0.045929136261433405, 0.0800961380687439, 0.10421282198229603, 0.12770981278468788, 0.132207278399219, 0.1749136762742374, 0.17720431586096888, 0.1721687024007357, 0.21815936813026202, 0.19846109319666924, 0.23486734542926255, 0.23930652141400238, 0.2450139159485028, 0.24903266812573455, 0.25959197113854626, 0.16190123138331994, 0.2524051515908706, 0.3012027623672384, 0.21745685452111674, 0.22069201530783025], "2": [0.2250892591980324, 0.30784844200515504, 0.22265242127756965, 0.16882886340669048, 0.13924341136565113, 0.13029361334356632, 0.11349024494222916, 0.0878119506213751, 0.0877438968087933, 0.08222760305485036, 0.12959043680989515, 0.154578196603048, 0.11010294439125139, 0.11880656754549473, 0.06451660550744005, 0.07798244445895017, 0.0803408296786104, 0.06379636332113173, 0.1060359426519281, 0.10264578123749062], "3": [0.0488434667691438, 0.10962383995645873, 0.1207192376744437, 0.11202494856730474, 0.11173149071314739, 0.1297365280321525, 0.15838954813010883, 0.20596690463901712, 0.2269880260371265, 0.2589469888718963, 0.27677694253699386, 0.27855817129823046, 0.28020586911849066, 0.28049262283555815, 0.3084601214297799, 0.2822481685593412, 0.26071935498955123, 0.26741053486209754, 0.2500555547115904, 0.28102531136496783]}, "group_val_loss_mean": {"1": [4.290735937300183, 4.266528878893172, 4.2455881588042725, 4.222408998580206, 4.186981416883922, 4.1257279070596855, 4.050127388939024, 3.924613789906578, 3.797812342643738, 3.53174076383076, 3.2165039815599954, 2.9338846320197693, 2.7357290453381005, 2.4195081960587275, 2.2892460122941034, 2.1507312939280556, 2.022072070174747, 2.154538975821601, 1.969379997442639, 1.880600414578877], "2": [16.137372153145925, 12.005272047860283, 10.714176041739327, 10.133385149637856, 9.925021026248022, 9.381473831903367, 9.536731910705566, 8.979112379891532, 8.879581805637903, 8.525215598515102, 8.213477457137335, 8.514045197623116, 7.936271481286913, 7.244682757059733, 7.050857366834367, 6.941760444641114, 6.908962926410493, 6.299697231111073, 6.213481916700092, 6.575223028092156], "3": [4.304605287218851, 4.273278450839735, 4.2503198795217685, 4.225888708911875, 4.192811135892516, 4.14562444333677, 4.057000548751265, 3.9400061135569575, 3.7826405378876538, 3.570423288950845, 3.2659198569242287, 3.0905875251406716, 2.693408752875353, 2.5666023208981468, 2.308064386327431, 2.319119618052528, 2.226718751211015, 2.1611076353718994, 2.138814742602999, 1.9991616502640737]}, "group_val_loss_std": {"1": [0.015624993236991892, 0.009257355323648648, 0.005508062032477587, 0.004744441197870103, 0.010130053819105775, 0.01927647701281753, 0.04316437864449976, 0.05325554676277691, 0.09242688452974498, 0.06161321440094572, 0.15160559448809216, 0.17132761736137217, 0.210398320412764, 0.1920616001942816, 0.23550626409780054, 0.22713270532664015, 0.20986274792460674, 0.1308734819369435, 0.16247304198095358, 0.14991293738884978], "2": [4.539766191022156, 0.9741304008465537, 0.39527682468457326, 0.16703522473808352, 0.15794436906381654, 0.2203290346570186, 0.36024846334089916, 0.3027242888396413, 0.45748930463191373, 0.31760847414740495, 0.48652359014414653, 0.9051899342031887, 0.5230903538356739, 0.3178681079467708, 0.4285833196988854, 0.28472989536360754, 0.7764736833124795, 0.252677574224087, 0.2756967016238822, 0.9460648042851416], "3": [0.023474039795697583, 0.012774304838288066, 0.010056151310254263, 0.010569455106276788, 0.013357744875218592, 0.01412797116971496, 0.035304447415383404, 0.039464134480621395, 0.058723364654203004, 0.14599047738298826, 0.2590238161371907, 0.2602644600767211, 0.3042943449138941, 0.273881831497198, 0.38668976384804027, 0.35625578026598886, 0.30002380459657696, 0.3227257857110856, 0.2674721955090371, 0.3327821681740402]}, "group_train_acc_mean": {"1": [0.2400793650793651, 0.33928571428571425, 0.3462301587301588, 0.33035714285714285, 0.3219246031746032, 0.3050595238095238, 0.3308531746031746, 0.3541666666666667, 0.38839285714285715, 0.38144841269841273, 0.4077380952380953, 0.40376984126984133, 0.43154761904761907, 0.4384920634920635, 0.4513888888888889, 0.4682539682539682, 0.4771825396825397, 0.48313492063492064, 0.4871031746031746, 0.5059523809523809], "2": [0.2779761904761905, 0.5958333333333333, 0.7398809523809524, 0.7839285714285714, 0.8208333333333334, 0.8345238095238094, 0.8577380952380951, 0.8440476190476189, 0.8744047619047619, 0.875, 0.8791666666666667, 0.85, 0.8720238095238095, 0.880952380952381, 0.8833333333333332, 0.8964285714285714, 0.9041666666666666, 0.9178571428571429, 0.9327380952380953, 0.9196428571428571], "3": [0.30423280423280424, 0.6375661375661376, 0.7536375661375662, 0.8052248677248677, 0.8250661375661376, 0.8316798941798942, 0.8330026455026455, 0.8412698412698413, 0.8416005291005291, 0.8544973544973545, 0.8842592592592593, 0.8786375661375662, 0.876984126984127, 0.8842592592592592, 0.8726851851851851, 0.8955026455026456, 0.8981481481481483, 0.9143518518518517, 0.90244708994709, 0.896164021164021]}, "group_train_acc_std": {"1": [0.0526448379421492, 0.05740268310114854, 0.07156622538441045, 0.0905825137592339, 0.09620075029276488, 0.10419146530210112, 0.10248668904653344, 0.1057141293077636, 0.10060154836036019, 0.1377048809719983, 0.11738672753750838, 0.10503699152830497, 0.09777740736375931, 0.09187172145071607, 0.08204191136521964, 0.06925995903058357, 0.06911059206445945, 0.06512955381813433, 0.06809921548305758, 0.050915188176017215], "2": [0.06783103089909859, 0.08694144692115358, 0.04711789863610309, 0.03197708575848402, 0.029904420683524925, 0.022556303954162398, 0.03262426096677314, 0.03705805337207946, 0.026446261775622665, 0.03726779962499652, 0.04432825657597826, 0.040309530841278605, 0.026419453596633495, 0.027081698014469826, 0.009486534196731684, 0.016982550735341818, 0.022697233291592383, 0.01625773843303296, 0.022319444356253215, 0.02282177322938195], "3": [0.06934201314369288, 0.06362798227364982, 0.06006332508804455, 0.04136110347554121, 0.03698089565858274, 0.029466493928499288, 0.03853612997872281, 0.037172607133323814, 0.028642224409434494, 0.03673166341947583, 0.02507564630969429, 0.03024664041608234, 0.025983731852596798, 0.025542290366835366, 0.025785170224362327, 0.039444834791662546, 0.018706528602818708, 0.026388806009603197, 0.03603738816355892, 0.023029742521799144]}, "group_val_acc_mean": {"1": [0.053571428571428575, 0.10813492063492064, 0.1349206349206349, 0.23015873015873015, 0.34027777777777785, 0.3878968253968254, 0.42063492063492064, 0.4523809523809524, 0.4692460317460318, 0.4702380952380953, 0.4613095238095238, 0.4692460317460317, 0.4672619047619047, 0.49900793650793657, 0.49702380952380953, 0.5138888888888888, 0.5238095238095238, 0.5128968253968255, 0.5396825396825397, 0.5406746031746031],