{"group_train_loss_mean": {"1": [4.192980713314481, 4.134502450625101, 4.057130171193016, 3.9423722227414455, 3.796379188696544, 3.5654719207021923, 3.372198777066336, 3.1574204365412393, 2.9193757441308765, 2.689348641369078, 2.5093981160057917, 2.3395955330795712, 2.2611047327518463, 2.1088678869936204, 2.0321820146507688, 1.9563958115047877, 1.8445078763696883, 1.7914195855458577, 1.779927197429869, 1.6637845204936133, 1.6426295671198101, 1.6606635252634685, 1.608216514190038, 1.587001899878184, 1.5465968251228333], "2": [12.20169801712036, 10.594000816345215, 9.766158326466877, 9.196028772989909, 8.815911102294923, 8.539847246805826, 8.273299853007, 7.9959640661875415, 7.7884400367736815, 7.49769811630249, 7.237768697738647, 7.147931893666586, 6.971387004852295, 6.795764700571697, 6.680119180679322, 6.53572301864624, 6.377608966827393, 6.234072351455689, 6.095956659317016, 5.852849960327148, 5.706123797098796, 5.538029686609905, 5.38241647084554, 5.31965970993042, 5.16642944018046], "3": [12.414748333118581, 10.954149652410438, 10.09930149714152, 9.554336424227113, 9.142000286667434, 8.727997108742043, 8.449689388275146, 8.166533867518107, 7.856589034751611, 7.661010185877482, 7.403756592008802, 7.236446098045066, 7.135717683368259, 6.872014540213126, 6.676252453415483, 6.490315084104185, 6.319840678462275, 6.168729119830662, 5.990333230407149, 5.8385932357222945, 5.73949698165611, 5.599501079983182, 5.467285527123345, 5.35078752482379, 5.2226541837056475]}, "group_train_loss_std": {"1": [0.09980723408550983, 0.11376609717986476, 0.20578088037139336, 0.28713546060549905, 0.37622332300743827, 0.43737371365843697, 0.45727905663815405, 0.42138926849491337, 0.3688250219998793, 0.30675002125730133, 0.29557519811281757, 0.2216033093661362, 0.21087226634217082, 0.17578019750833232, 0.19200943322764907, 0.2098245449671373, 0.18867164922775467, 0.1651335534131529, 0.2045929411077571, 0.1778823543378431, 0.14477689008615108, 0.18598932703642335, 0.1807663016499345, 0.1726066177887364, 0.16333367226355378], "2": [0.2017592809711742, 0.35297572023646795, 0.20929200512766508, 0.15923447836343174, 0.1319748848276694, 0.10919843082045891, 0.07627517213587683, 0.12201378903139296, 0.24731445761029613, 0.11448947771670342, 0.08501786074371022, 0.09179848289051, 0.11827242754202398, 0.055236644189524814, 0.09281567077190395, 0.10262585729692816, 0.13328071531965438, 0.08806198839834332, 0.19161539420248153, 0.0893782075435581, 0.060907926165909655, 0.10329261089720386, 0.08446995783225211, 0.14680259898191148, 0.10067753748797306], "3": [0.24024711266039483, 0.27066649303275175, 0.29424874519271266, 0.2389078725199461, 0.18257570562838898, 0.206059812788491, 0.1505178090682111, 0.1403053389341145, 0.08477985531280521, 0.13859980563089766, 0.11034031923071409, 0.0858773388866464, 0.10148833540445522, 0.07619055534654262, 0.14887675103358078, 0.09816115993993349, 0.1631100540316128, 0.206928268043493, 0.16719715501493018, 0.1628471885800565, 0.12234734705262211, 0.11575014106126852, 0.08937029645822069, 0.11335749131851572, 0.09412407716288593]}, "group_val_loss_mean": {"1": [4.2985337083301856, 4.266642108796135, 4.239677557869563, 4.210083011596922, 4.16594722535875, 4.085209901370699, 3.908742775992742, 3.6286722913620966, 3.2743747385721353, 3.0074861863302806, 2.85657236689613, 2.515742060684022, 2.3809131374434815, 2.21333955015455, 2.146368045655508, 1.9530145402938601, 1.9515765101190599, 1.8577895561854045, 1.770510580804613, 1.7715949151251051, 1.7638470388594127, 1.653593650885991, 1.7873096948578244, 1.635630739113641, 1.6049950387742784], "2": [12.2878355662028, 10.960440108889626, 10.179086303710937, 9.618300710405624, 9.39659853435698, 8.975433994474864, 8.749222410292854, 8.38836716243199, 8.164249174935476, 7.961893236069452, 7.720010775611515, 7.535190150851295, 7.388672746930804, 7.203842817034039, 7.0741853986467635, 6.918740812937419, 6.706525884355817, 6.560054343087333, 6.4462419146583185, 6.263744127182733, 6.143606086004348, 6.032988180433001, 5.937522511255173, 5.76669177100772, 5.700509448278519], "3": [12.613769854187336, 11.443686737585319, 10.694944144556763, 10.111268987100592, 9.665614390499377, 9.222595108879938, 8.915393672922932, 8.530633341067682, 8.239592865030602, 7.961036904148325, 7.729909346847937, 7.532678056646276, 7.333674743692711, 7.083372772055328, 6.9200764963866535, 6.794928972052519, 6.632015689970955, 6.435206448590313, 6.313600610803675, 6.216823668706985, 6.057268828942032, 6.001141396779862, 5.850042161487398, 5.702691650895215, 5.597058268451186]}, "group_val_loss_std": {"1": [0.028639234885881593, 0.01811302088273856, 0.01140134788900339, 0.010315468614628565, 0.038843438188579354, 0.1152383516921576, 0.23593224185463038, 0.37284702359944255, 0.38350798606558206, 0.3760098295864643, 0.3268242310199665, 0.3499866145319797, 0.2457514040530067, 0.1895718865441737, 0.305522181913572, 0.16291685894757263, 0.11717036785851631, 0.1427464687093254, 0.1462740275826525, 0.14510956228539748, 0.0997154798673635, 0.11198511866214025, 0.15170380150645382, 0.12116089233158411, 0.12209344386675731], "2": [0.4034312387438528, 0.5538368924230778, 0.41874918790579957, 0.2800029751643099, 0.17755711367975952, 0.17626413432773086, 0.12450910842718153, 0.22126864456924694, 0.10359513227800309, 0.11230555217005009, 0.11292425851141685, 0.12408571217031103, 0.13632974728932865, 0.08438941952094203, 0.09063630327532857, 0.08461854035468643, 0.06122891672879822, 0.10955725612192577, 0.12029289854219542, 0.03954218570922308, 0.06638120204078399, 0.07194367197586372, 0.1312849312745117, 0.1100987769727337, 0.11730721591992706], "3": [0.20953037512080933, 0.5149097384233076, 0.4154806064432653, 0.2938342138414828, 0.20493606844908827, 0.2014746130297427, 0.17296750355052048, 0.16806969368795138, 0.1016320395242283, 0.0945290019892799, 0.10874401278876755, 0.1279757107389595, 0.15375556157246992, 0.15223553711132107, 0.15787836033767172, 0.12964260821256157, 0.14968199746112462, 0.13427183640901583, 0.1281855306636911, 0.1266373988623624, 0.19172167933455544, 0.13982190201574488, 0.11882101248023885, 0.10688313065531885, 0.13717328979637777]}, "group_train_acc_mean": {"1": [0.19394841269841268, 0.25793650793650796, 0.3139880952380953, 0.33382936507936506, 0.36011904761904767, 0.3635912698412698, 0.3670634920634921, 0.3953373015873016, 0.41021825396825395, 0.4290674603174603, 0.45188492063492064, 0.47321428571428575, 0.49553571428571425, 0.5148809523809524, 0.527281746031746, 0.5262896825396826, 0.5600198412698413, 0.5540674603174603, 0.5530753968253969, 0.564484126984127, 0.5753968253968255, 0.5724206349206349, 0.5749007936507936, 0.585813492063492, 0.5942460317460317], "2": [0.2857142857142857, 0.581547619047619, 0.7226190476190476, 0.7892857142857143, 0.8386904761904763, 0.8529761904761906, 0.8732142857142857, 0.9, 0.9011904761904763, 0.9107142857142858, 0.9410714285714287, 0.9130952380952382, 0.9178571428571429, 0.9154761904761906, 0.9125, 0.8964285714285716, 0.9154761904761906, 0.9029761904761904, 0.8994047619047618, 0.9410714285714287, 0.944047619047619, 0.943452380952381, 0.9571428571428571, 0.9422619047619047, 0.9541666666666668], "3": [0.3253968253968254, 0.6362433862433863, 0.7599206349206349, 0.7982804232804233, 0.8194444444444444, 0.8548280423280423, 0.855489417989418, 0.8657407407407408, 0.8908730158730158, 0.8809523809523809, 0.9057539682539684, 0.9014550264550265, 0.8845899470899471, 0.904431216931217, 0.9146825396825398, 0.9226190476190477, 0.9308862433862433, 0.931878306878307, 0.9388227513227512, 0.9371693121693122, 0.9295634920634921, 0.9348544973544973, 0.9375, 0.9404761904761904, 0.9480820105820106]},