{"group_train_loss_mean": {"1": [0.7450106739997864, 0.7175190846125284, 0.7157867352167765, 0.7142400145530701, 0.713826338450114, 0.713176945845286, 0.7121208906173706, 0.7121788263320923, 0.711955447991689, 0.7096266746520996, 0.7094186941782633, 0.7074934244155883, 0.7068275411923727, 0.7054437398910522, 0.7040888468424479, 0.7013636231422423, 0.7000648975372314, 0.6962410012880961, 0.6942507028579712, 0.6920968691507976], "2": [2.1988730827967324, 2.09253199895223, 2.0110529263814287, 1.9683198531468709, 1.9375825325647988, 1.887202580769857, 1.8462533156077068, 1.832179625829061, 1.8012041250864665, 1.7805909315745037, 1.757116158803304, 1.7398933172225952, 1.7191249132156372, 1.6944973468780518, 1.6801580588022866, 1.6572451988855996, 1.6464988390604656, 1.6204970280329387, 1.6209445397059123, 1.6012989282608032], "3": [2.228795554902818, 2.122967176967197, 2.0702150662740073, 2.0290923913319907, 2.005302588144938, 1.9679368204540675, 1.9430998696221247, 1.9206076992882624, 1.895395424630907, 1.879529701338874, 1.8501306639777289, 1.836711181534661, 1.8110100030899048, 1.7960938612620032, 1.7739901542663574, 1.7595186630884807, 1.7420813772413464, 1.7236042420069373, 1.7119610442055595, 1.6965410709381104]}, "group_train_loss_std": {"1": [0.009110862135673416, 0.003749638023010295, 0.0017676081874675688, 0.0015631447705552796, 0.0006154865833291791, 0.0010814351482638929, 0.0007081581052766401, 0.001067544255677353, 0.0010873919012349088, 0.001018136689279552, 0.0003385309640712798, 0.0013220993111925075, 0.0015271781941739286, 0.0009212366317048956, 0.001220805350187815, 0.0014203462605844957, 0.0016285049147742284, 0.0020991923607484833, 0.0017083326875866774, 0.002539342663089272], "2": [0.015390466361124771, 0.03935507614058166, 0.047007539464148033, 0.0661144644644994, 0.06785476774333302, 0.08831359572634832, 0.10144384640732661, 0.09381114740048165, 0.09227771875024109, 0.10064753488199399, 0.10858515313878436, 0.11700711340700444, 0.11450400785301142, 0.11146392689770407, 0.10769331947144034, 0.11602008484381832, 0.09426702257016965, 0.10743612588325473, 0.10125435732252709, 0.10211080534877186], "3": [0.012589063437314654, 0.017049643821254006, 0.028563900556817873, 0.03809068476487607, 0.045125337402076145, 0.05147660372264554, 0.05572087603455381, 0.05551134124399782, 0.06501561093657096, 0.0635794111289498, 0.07385537895579937, 0.06837476048380776, 0.07608895830366401, 0.07851252212931403, 0.07810593083820935, 0.07820686037646829, 0.08531169121814969, 0.07636407371981987, 0.08500452293820045, 0.08391740577062254]}, "group_val_loss_mean": {"1": [4.310558201276768, 4.299151976206149, 4.294808709133438, 4.292104126417149, 4.289973688404463, 4.288096142094038, 4.286321240558959, 4.2845990636892495, 4.282914499790348, 4.281260538519475, 4.279623242149576, 4.277966008548849, 4.276274337406047, 4.274527046415541, 4.272717617408574, 4.270792533082571, 4.268726110458374, 4.266448675540456, 4.263830474245618, 4.260872577366076], "2": [12.820471781736229, 12.805241010342426, 12.768100023269655, 12.728533576106468, 12.666308923074375, 12.603847071441294, 12.517887454283866, 12.433145924618369, 12.37293541640566, 12.289259771157425, 12.179399770602846, 12.055760067108778, 11.962301514999211, 11.86527651374103, 11.75162484910753, 11.627348605652303, 11.517880138597992, 11.386605897144964, 11.209081963488929, 11.024265244690298], "3": [12.942714446701736, 12.885793938739027, 12.868212098963776, 12.843502090223582, 12.806676835344547, 12.74938031200312, 12.671182395421972, 12.620412673634164, 12.533181491651035, 12.46803803471794, 12.385561882636233, 12.30330138503924, 12.231337663955388, 12.137476343857614, 12.039332540876453, 11.94437188897681, 11.8234764284093, 11.691784001233286, 11.595883462861268, 11.489570545638978]}, "group_val_loss_std": {"1": [0.008356162390422316, 0.006392738742450145, 0.005746508521985344, 0.005556514874749556, 0.005421797834965624, 0.005363798413358234, 0.005352731043337235, 0.005371152222572927, 0.005411705996842065, 0.005468037136837805, 0.005544173414912986, 0.005612743138807746, 0.005687148094971459, 0.0057704970366558705, 0.005841430618587, 0.005898441130568141, 0.005961386025434054, 0.006002765791594524, 0.005990116138640343, 0.005943326290647584], "2": [0.09008679403537834, 0.08229938640630893, 0.05528825686871086, 0.0418979016842413, 0.0418597594615924, 0.06485043303064844, 0.1051554028790838, 0.14902072504971983, 0.15599464482420375, 0.1919673612634239, 0.2325083656766557, 0.29334418413142194, 0.3157814561953641, 0.34407491212057906, 0.37130549645831123, 0.37882049114403465, 0.3803526138119704, 0.4073747384394333, 0.4668665594560038, 0.5394836083879926], "3": [0.07171719226420736, 0.05811551053326702, 0.08554127138711547, 0.08365907194636298, 0.07461158312203757, 0.0689850290865395, 0.1408021727314735, 0.12742939828001126, 0.200044988369888, 0.19842215093366283, 0.21499408360141486, 0.23027382785650635, 0.23509973004655693, 0.2597707652485336, 0.28802173869674086, 0.29426637355142826, 0.3002153426654413, 0.33953617891288657, 0.3291922704652017, 0.34426478303459523]}, "group_train_acc_mean": {"1": [0.03515625, 0.0078125, 0.04296875, 0.05078125, 0.0390625, 0.05859375, 0.09375, 0.125, 0.1015625, 0.171875, 0.15625, 0.1953125, 0.18359375, 0.15625, 0.1328125, 0.21875, 0.1796875, 0.20703125, 0.234375, 0.2109375], "2": [0.01171875, 0.1484375, 0.296875, 0.41015625, 0.4609375, 0.51171875, 0.58984375, 0.66015625, 0.7421875, 0.7578125, 0.78125, 0.765625, 0.8359375, 0.85546875, 0.87109375, 0.890625, 0.8984375, 0.921875, 0.90625, 0.91796875], "3": [0.010416666666666666, 0.14973958333333334, 0.3294270833333333, 0.3815104166666667, 0.4270833333333333, 0.5364583333333334, 0.6080729166666666, 0.6419270833333334, 0.7161458333333334, 0.7174479166666666, 0.7669270833333334, 0.7955729166666666, 0.8138020833333334, 0.8177083333333334, 0.8619791666666666, 0.8580729166666666, 0.8723958333333334, 0.9010416666666666, 0.8828125, 0.8958333333333334]}, "group_train_acc_std": {"1": [0.03558763116853242, 0.0078125, 0.05674155877474199, 0.04470907477445155, 0.0234375, 0.04470907477445155, 0.011048543456039806, 0.036643873123620545, 0.028168369339562415, 0.03983608994994363, 0.07245014449606019, 0.06489549892904746, 0.060892411203593344, 0.05524271728019903, 0.05122998847110938, 0.03314563036811941, 0.0358013726168425, 0.07841742148392473, 0.0897587913521567, 0.09276829755498373], "2": [0.01295556558732578, 0.09472152853892297, 0.08486547258750168, 0.12321726793427738, 0.04487939567607835, 0.12121969257174141, 0.14035347049391939, 0.06932905995819863, 0.05687585851000405, 0.05898308152555273, 0.08341467384399462, 0.08341467384399462, 0.0546875, 0.03197403426512676, 0.05674155877474199, 0.036643873123620545, 0.0234375, 0.029231698334171417, 0.029231698334171417, 0.040406564190580474], "3": [0.009743899444723805, 0.07144867144957787, 0.06734427365096746, 0.057924417759206315, 0.08226858853610058, 0.0866056726474786, 0.06033298353230778, 0.05081462578408296, 0.07623583941825234, 0.06033298353230779, 0.05650201550454983, 0.05504286819752149, 0.04750374048686119, 0.06421264586426018, 0.03484137541734285, 0.05200188944717671, 0.04592497939726145, 0.05536534277465963, 0.047091513854232096, 0.041503587110701116]}, "group_val_acc_mean": {"1": [0.01608187134502924, 0.01608187134502924, 0.01608187134502924, 0.01608187134502924, 0.01608187134502924, 0.01608187134502924, 0.019005847953216373, 0.039473684210526314, 0.039473684210526314, 0.039473684210526314, 0.039473684210526314, 0.039473684210526314, 0.039473684210526314, 0.04239766081871345, 0.06286549707602339, 0.09941520467836257, 0.10964912280701754, 0.1154970760233918, 0.13011695906432746, 0.1505847953216374],