{"group_train_loss_mean": {"1": [4.1479272445042925, 4.155821084976196, 4.08848108847936, 3.967243979374568, 3.7632191181182866, 3.535609712203344, 3.266427834828695, 3.0144396126270294, 2.823197305202484, 2.61397518714269, 2.486496364076932, 2.369557097554207, 2.1807277649641037, 2.0547584742307663, 1.9466259876887002, 1.8403238107760747, 1.7778698205947878, 1.7463527917861938, 1.7238021492958069, 1.6704613963762918], "2": [12.495708942413332, 10.822361787160238, 9.852200865745544, 9.374526103337606, 8.95797638098399, 8.604219913482666, 8.28308137257894, 8.016543010870615, 7.799609124660492, 7.567591488361359, 7.3416343331336975, 7.125853339831035, 6.931223551432292, 6.664053122202555, 6.455898483594258, 6.324865897496542, 6.152762571970622, 6.001465102036794, 5.876359045505525, 5.731972376505534], "3": [12.646693150202433, 11.081919259495203, 10.145193762249416, 9.537040869394938, 9.041868991321987, 8.708542704582216, 8.378651976585388, 8.105145679579842, 7.826440936989254, 7.609038578139411, 7.372452232572768, 7.2198710905181045, 7.024924046463435, 6.854160481029086, 6.67468410730362, 6.462385680940415, 6.305004126495785, 6.1417365074157715, 6.0290566020541725, 5.8521201146973505]}, "group_train_loss_std": {"1": [0.07220156956299288, 0.04495337706744054, 0.03692927335718287, 0.03627807939599539, 0.034957341570121626, 0.020246564185037876, 0.05434615766727445, 0.05550014881706517, 0.051253589493226635, 0.04264462365725776, 0.0773613482573631, 0.057459126464573344, 0.08032722097499186, 0.0607740962688008, 0.0892165045099476, 0.09901484157761964, 0.052126643099679876, 0.06712464977821324, 0.07306735546817886, 0.06638637227823754], "2": [0.08482923261202763, 0.2716065946718578, 0.20096394237346638, 0.22063525057360203, 0.08097275317065222, 0.17070824777345428, 0.08063711910731323, 0.07202828504021018, 0.08114537790660775, 0.08590807891425388, 0.08770014821245221, 0.049766440463678355, 0.06575201591356158, 0.0455378309847388, 0.030109340821969182, 0.059459281777061015, 0.10598671071865193, 0.11697975534757185, 0.09120782036813913, 0.05842149059144676], "3": [0.14004055351878397, 0.20999143014601118, 0.15541994757267383, 0.14738948572455915, 0.12392076095998426, 0.12179613337705866, 0.08973521731759426, 0.11541947185341488, 0.10151320942030707, 0.10466516450461205, 0.1159982303185122, 0.12351288798594319, 0.11020912721360425, 0.12343486387063793, 0.08171810258185463, 0.07277497213116649, 0.13087898679592658, 0.10199778909143536, 0.10106070659627071, 0.07814110191516065]}, "group_val_loss_mean": {"1": [4.293815445481686, 4.264207396590919, 4.241292926303127, 4.215735369258456, 4.171347328096802, 4.060795551852176, 3.7721107905371145, 3.324339707343899, 2.9410436679745278, 2.7244068098347087, 2.5679649194778755, 2.4199625560414724, 2.2486532762733815, 2.1141271066595935, 2.007701204011315, 1.9155683907849053, 1.8320777034550382, 1.780553103364699, 1.746542201056118, 1.706835501026689], "2": [12.613738768281992, 11.274289085153947, 10.654987212510136, 9.998490254084269, 9.541550731101232, 9.133431281262672, 8.715127893358643, 8.470460173679374, 8.258418710608233, 7.956765223664847, 7.748589698334187, 7.498248467668455, 7.291742308795103, 7.108313050883556, 6.925164858500163, 6.7571127031281675, 6.602041283546136, 6.416906783455296, 6.273780883404247, 6.134133502753855], "3": [12.531017251414397, 11.54531325745536, 10.880845750749225, 10.316178423154655, 9.775346013770003, 9.343492377803573, 8.891658623548514, 8.502883797732942, 8.223524359699345, 7.987781480506613, 7.743342846457722, 7.538537929629722, 7.360016470996492, 7.151962058818363, 6.984586183787786, 6.797921477237871, 6.642220947942306, 6.509094167173956, 6.318346212481894, 6.171799809844405]}, "group_val_loss_std": {"1": [0.009931437319546864, 0.009485307384314665, 0.009710163725242372, 0.011517140706066114, 0.013086700196110256, 0.01692613313308238, 0.019089750443485726, 0.03696537831648707, 0.03838955074130707, 0.08331154057037633, 0.08682599394565821, 0.09399237641137019, 0.12452081309920382, 0.10109022579669663, 0.08825688059479625, 0.0823994045494649, 0.09351496278864418, 0.07496469932358522, 0.08983852289157511, 0.0857317390618118], "2": [0.13339683609714859, 0.5980250386981445, 0.4503563513820608, 0.39210109699930185, 0.2997401063413664, 0.17280984131703583, 0.2169777423043561, 0.15220118854533674, 0.09713201228678894, 0.07866954162341831, 0.0808472730810753, 0.1212615450543598, 0.07915006775197969, 0.0547244793431806, 0.07591830592596747, 0.10692009309959394, 0.05561022382053847, 0.0490278883435054, 0.09937150787193692, 0.10721005793011754], "3": [0.36585871571292117, 0.44715818333319274, 0.35322192399031155, 0.28622957471912164, 0.2774609844781658, 0.21089110092226906, 0.2065686941539905, 0.1335406297518033, 0.12751472984504653, 0.11424386906815963, 0.13465888714908078, 0.09454754964872228, 0.08368804465963718, 0.09513860801999392, 0.10554869696629825, 0.13213370406380878, 0.09644832419175586, 0.10691987219722218, 0.09016802829635846, 0.09708200478472838]}, "group_train_acc_mean": {"1": [0.16399778772444307, 0.2020673629332373, 0.2628234809898647, 0.25771080928126766, 0.2598844986366209, 0.25987163656942946, 0.2774390766750699, 0.28550359280410215, 0.31404237622404, 0.33747277529111147, 0.3645731508634734, 0.3770172008711907, 0.4033758639021797, 0.4465666855310319, 0.47438733686611445, 0.48390312290991405, 0.48829980621152097, 0.48024172111608443, 0.4919654953610811, 0.504379533878685], "2": [0.20967741935483872, 0.5087976539589443, 0.7038123167155426, 0.7529325513196481, 0.7954545454545454, 0.8394428152492669, 0.8533724340175953, 0.8724340175953079, 0.8812316715542522, 0.8856304985337243, 0.8936950146627566, 0.9039589442815249, 0.9164222873900294, 0.936217008797654, 0.9457478005865103, 0.9391495601173021, 0.9450146627565983, 0.9589442815249267, 0.9406158357771262, 0.9413489736070382], "3": [0.2384770169150474, 0.5345675201362808, 0.6919899332887449, 0.7654487718154951, 0.8130427077795499, 0.8352712181235101, 0.8650161776222896, 0.8745405383775502, 0.887222536628309, 0.8909032315229258, 0.9082270069112175, 0.9016309101198744, 0.9050386433663173, 0.9084592386799516, 0.9058003635677659, 0.925077029491291, 0.9309214099112233, 0.9343455780212996, 0.9235907461713913, 0.9365371313588632]}, "group_train_acc_std": {"1": [0.03192456993769496, 0.03725794397758646, 0.027259044822216843, 0.02131716157410603, 0.013009629507840246, 0.01667853389197123, 0.030586286952249, 0.03342856294384408, 0.021846875934705752, 0.014197126972240568, 0.009981272381572487, 0.007760586414393053, 0.014785416644683826, 0.014182159956344215, 0.008024411345304986, 0.017614976947462533, 0.009067599253339146, 0.012860965829781669, 0.01955462901671604, 0.01295857418584769], "2": [0.02015795760244505, 0.07127668388701841, 0.03691987774784217, 0.04544863266811981, 0.026987041523909048, 0.030572814460400374, 0.02052785923753664, 0.03093111892922136, 0.03065182545508336, 0.024447700880546996, 0.023311016269185678, 0.011045835171055242, 0.02313743964524854, 0.007862027342202099, 0.013358407007543004, 0.00667920350377153, 0.026013482403534002, 0.02104501480118374, 0.016507815614659416, 0.01359768107843949], "3": [0.03513462993298323, 0.0625004823010481, 0.03026475013353509, 0.03521060716753979, 0.01589234322365874, 0.026068310769065316, 0.017438449486896504, 0.028366005073467815, 0.024060681698258552, 0.03032772216922194, 0.026112276582119617, 0.029427101969846704, 0.028942989294529476, 0.030380819914024172, 0.026667423898375592, 0.026744811724213436, 0.03248985356593701, 0.02905656149787845, 0.02933002564640198, 0.022244963512845713]},