{"group_train_loss_mean": {"1": [0.7449439366658528, 0.7175885836283367, 0.7163454691569011, 0.7139642834663391, 0.7125129699707031, 0.7121233940124512, 0.7110995848973592, 0.709646999835968, 0.7085915803909302, 0.7070725361506145, 0.7059999306996664, 0.704020102818807, 0.7024581034978231, 0.7006887396176655, 0.6985329786936442, 0.6967879335085552, 0.691959003607432, 0.682987372080485, 0.6806824207305909, 0.6724671125411988], "2": [2.1943040688832602, 2.0876149336496987, 2.030234138170878, 1.967633565266927, 1.915288011233012, 1.8436641693115234, 1.827083428700765, 1.7727108001708982, 1.7353308200836182, 1.7013554970423381, 1.6896285216013591, 1.6458489894866946, 1.6318902969360352, 1.614916165669759, 1.5832539002100627, 1.5548018614451091, 1.5370019674301147, 1.5263042847315471, 1.5012857913970945, 1.4874584674835205], "3": [2.2343997293048434, 2.1157786051432295, 2.0556255314085217, 1.998843921555413, 1.957775870958964, 1.9204827547073366, 1.875996616151598, 1.854119062423706, 1.8113262653350828, 1.7747021516164143, 1.7500561740663316, 1.723333756128947, 1.6995242834091187, 1.6790655189090307, 1.6450438234541152, 1.6275606817669335, 1.608019749323527, 1.5814764367209542, 1.5616812043719823, 1.5451148351033532]}, "group_train_loss_std": {"1": [0.006937506265278404, 0.0023296101198595843, 0.002027912741206781, 0.0016606717329661544, 0.00239180331119582, 0.0007297459817121863, 0.00115624882566952, 0.0014927206244290945, 0.0015139597007703307, 0.002192969673612821, 0.0013619450764149681, 0.0027334139988160777, 0.0008869346296253957, 0.0015273778077780065, 0.0007649030062616471, 0.002798891090575634, 0.0026431721036148798, 0.004922928546311382, 0.005949588176972648, 0.0021255144283171996], "2": [0.010870616011088869, 0.029057220004664566, 0.026704033196978526, 0.039038468960567584, 0.05243733651361081, 0.07359403113014369, 0.06941343283089144, 0.06978340264356772, 0.0851981252367277, 0.08811182348622738, 0.06320836777240449, 0.08518694800653881, 0.07946541540494598, 0.06556762172460755, 0.07790907271418836, 0.05750088626043411, 0.05934814468765812, 0.05222149660678192, 0.04262677549825633, 0.03224222507542552], "3": [0.01734634549099085, 0.021636120491571004, 0.028955455806276474, 0.04287040005030881, 0.046409560426023254, 0.044181990732580854, 0.04759454831166968, 0.05215597464928478, 0.05698681597874355, 0.058964690426389806, 0.0489490321526298, 0.054077126727172006, 0.04615457946280444, 0.0512955011736596, 0.04277137000968949, 0.04497982124375575, 0.043977100481358375, 0.04151070213613885, 0.037834909794946116, 0.03990718422529877]}, "group_val_loss_mean": {"1": [4.310349672858479, 4.297373002732707, 4.291439118441086, 4.287290351432667, 4.283895879461054, 4.280863386148598, 4.277985525410077, 4.2751962218368265, 4.272468133976584, 4.269761282101012, 4.267040088859916, 4.26428358666381, 4.261462771404556, 4.258551163283007, 4.2554955726478525, 4.252249555281031, 4.248797050693579, 4.244964080944396, 4.24065269224825, 4.235661497590137], "2": [12.844153073796054, 12.797198128281979, 12.771560730292784, 12.735525050358467, 12.69269497631586, 12.665687404877957, 12.613385275790566, 12.57925926593312, 12.530130354284543, 12.484610959103232, 12.41411620831629, 12.294248424775422, 12.17891015922814, 11.988804036413718, 11.760539965322842, 11.595382286094084, 11.445595441505924, 11.296368508311044, 11.109407537861875, 10.950006740135061], "3": [12.939235564096164, 12.873145188969247, 12.831873397380987, 12.814025871934946, 12.783114250175672, 12.733961943297357, 12.67640235270673, 12.611414328420835, 12.547198802639402, 12.489005028852942, 12.441582108101649, 12.336576660241766, 12.248093439124482, 12.142661313099703, 12.018360948469672, 11.858588020703946, 11.709148496215105, 11.528359208655404, 11.343268011048524, 11.21436610788862]}, "group_val_loss_std": {"1": [0.011393650488957028, 0.010404351724046065, 0.010088839110436697, 0.010018388889012478, 0.009928833090998691, 0.009865717607296307, 0.009828438192451284, 0.009815584482764749, 0.009804810678989764, 0.009781608623427435, 0.009756270057875247, 0.009741797557431868, 0.009717178784788245, 0.009697077231963041, 0.009644005886973553, 0.00952612169580125, 0.009338963701500003, 0.009105127858067236, 0.008756189575914172, 0.008531304572981178], "2": [0.04097501829493463, 0.058577432798293735, 0.08771543988157665, 0.09039374411522356, 0.09503359251588211, 0.09939144105369443, 0.14090384027315922, 0.17843821198855475, 0.13449714593434264, 0.08296340114263552, 0.07571411905142436, 0.0779536125825682, 0.08567629287636744, 0.1744039004758089, 0.27579917494897604, 0.29729105771441666, 0.312977868220771, 0.35221091635628266, 0.3725382308436452, 0.3972651090856077], "3": [0.06827929662329998, 0.048816672717569676, 0.03521971331755824, 0.045966761633250676, 0.07835339900415733, 0.12080369358606909, 0.13569574326519535, 0.21069857759698382, 0.2284878820888549, 0.2562661403148583, 0.21440257257387568, 0.2570766627720505, 0.2905119890494841, 0.2722109828635492, 0.26881405394523145, 0.3086795210687784, 0.3046253875929586, 0.3210610898189061, 0.30057127114551346, 0.3274950572837914]}, "group_train_acc_mean": {"1": [0.03125, 0.01171875, 0.05078125, 0.05078125, 0.0859375, 0.0859375, 0.125, 0.12109375, 0.125, 0.1796875, 0.1953125, 0.21875, 0.23046875, 0.23046875, 0.22265625, 0.18359375, 0.2109375, 0.2734375, 0.265625, 0.2734375], "2": [0.01171875, 0.15625, 0.265625, 0.359375, 0.44140625, 0.5703125, 0.5859375, 0.6484375, 0.73046875, 0.76171875, 0.76171875, 0.81640625, 0.83203125, 0.8515625, 0.87890625, 0.9140625, 0.93359375, 0.93359375, 0.94921875, 0.953125], "3": [0.014322916666666666, 0.17057291666666666, 0.3255208333333333, 0.4036458333333333, 0.4947916666666667, 0.5559895833333334, 0.640625, 0.6510416666666666, 0.7330729166666666, 0.7526041666666666, 0.7734375, 0.8072916666666666, 0.8489583333333334, 0.83984375, 0.8854166666666666, 0.8984375, 0.8932291666666666, 0.9140625, 0.9088541666666666, 0.9388020833333334]}, "group_train_acc_std": {"1": [0.0, 0.0067658234670659265, 0.03886669676197734, 0.02029747040119778, 0.03221176270013797, 0.05002440810494413, 0.08629188294677548, 0.09843439975276681, 0.048159484398195125, 0.09407495764681481, 0.08873294290312927, 0.08193819126329309, 0.03000447557761175, 0.07106798983851662, 0.023109686652732876, 0.03558763116853242, 0.04207160005573831, 0.0358013726168425, 0.024705294220065465, 0.0234375], "2": [0.01295556558732578, 0.0897587913521567, 0.048159484398195125, 0.024705294220065465, 0.11607545279768458, 0.0600089511552235, 0.1015625, 0.0358013726168425, 0.07276537503983264, 0.0744240581377252, 0.03886669676197734, 0.1014873520059889, 0.040406564190580474, 0.028168369339562415, 0.04736076426946149, 0.0234375, 0.02029747040119778, 0.0067658234670659265, 0.02561499423555469, 0.02209708691207961], "3": [0.01186254372284414, 0.09891549237139949, 0.08337401350824021, 0.07461744157236667, 0.08127336736628768, 0.07257873702797803, 0.08168951636124022, 0.06325498854943291, 0.05081462578408296, 0.05875267798270041, 0.04878904686248749, 0.044347360327933336, 0.03845006005269115, 0.034425271006255954, 0.030145408601016215, 0.02591113117465156, 0.051756788839457786, 0.04009063624567878, 0.029806049849634367, 0.02885223933093794]}, "group_val_acc_mean": {"1": [0.007309941520467836, 0.017543859649122806, 0.017543859649122806, 0.017543859649122806, 0.017543859649122806, 0.017543859649122806, 0.017543859649122806, 0.017543859649122806, 0.017543859649122806, 0.04093567251461988, 0.049707602339181284, 0.049707602339181284, 0.05847953216374269, 0.09064327485380116, 0.10526315789473684, 0.1286549707602339, 0.12573099415204678, 0.12573099415204678, 0.1286549707602339, 0.14473684210526316],