{"group_val_acc_mean": {"1": [0.19298245614035087, 0.28654970760233917, 0.1695906432748538, 0.2631578947368421], "2": [0.7017543859649122, 0.7134502923976608, 0.5555555555555556, 0.6198830409356725], "3": [0.5847953216374269, 0.49122807017543857, 0.672514619883041, 0.6842105263157895, 0.5146198830409356, 0.5847953216374269, 0.6842105263157895, 0.6491228070175439, 0.6900584795321637, 0.6374269005847953, 0.49122807017543857, 0.52046783625731]}, "group_val_acc_std": {"1": [0.0, 0.0, 0.0, 0.0], "2": [0.0, 0.0, 0.0, 0.0], "3": [0.0, 0.0, 0.0, 0.0, 0.0, 0.0, 0.0, 0.0, 0.0, 0.0, 0.0, 0.0]}}