{"group_train_loss_mean": {"1": [0.7406588792800903, 0.7174996733665466, 0.7176166772842407, 0.7141955296198527, 0.7126485109329225, 0.7116553584734598, 0.710085948308309, 0.7094578345616659, 0.7071254849433899, 0.7044214804967245, 0.7022676269213359, 0.700388749440511, 0.6995112299919128, 0.6943714022636414, 0.6932057738304138, 0.6837131182352703, 0.6829785505930582, 0.6758549809455872, 0.6682299872239431, 0.6587488154570262], "2": [2.189672986666362, 2.0689398447672525, 2.017011880874634, 1.9545274575551352, 1.9051360686620076, 1.8486851851145425, 1.7851571242014566, 1.7667081356048584, 1.7048452695210776, 1.6691031455993652, 1.6484837929407754, 1.618367075920105, 1.5867669979731243, 1.558440089225769, 1.535014549891154, 1.5160233974456785, 1.5091848373413086, 1.4962559143702188, 1.48611585299174, 1.466966946919759], "3": [2.232763701015049, 2.116344690322876, 2.0416941775215993, 1.9966719547907508, 1.9399564133750067, 1.8980190753936768, 1.8507820500267875, 1.8247239987055461, 1.7809187703662446, 1.7468152443567913, 1.7120421992407904, 1.6675270795822144, 1.6376133627361724, 1.6246241463555233, 1.5995461675855849, 1.565408017900255, 1.5516109069188435, 1.5344169404771595, 1.5153709782494438, 1.5051874452167084]}, "group_train_loss_std": {"1": [0.005736057606399069, 0.0033870418846569275, 0.002739782659496284, 0.001962380589313633, 0.002454676519054768, 0.0013060227177361565, 0.0008845139508155289, 0.0020616982068871613, 0.0011158935358353877, 0.0014631747967445649, 0.001091423252049547, 0.001094237235538651, 0.0009167692709661409, 0.0034361933075664837, 0.003604609766588271, 0.0044808764775829, 0.003058052423246557, 0.004307964210165142, 0.0051912758117982115, 0.009358769973458782], "2": [0.010839773311075454, 0.04481306340766522, 0.03103067726338734, 0.0396767522006222, 0.03861116728586092, 0.055448698232949026, 0.049052444153995414, 0.06726809325711301, 0.0550274811560586, 0.06420481380677168, 0.07373611812385186, 0.054000147190165534, 0.0592374139080462, 0.04248780018780637, 0.037879664679616835, 0.028768208042351983, 0.030218535533995113, 0.02827394532945728, 0.039501071652343914, 0.020939970571516447], "3": [0.015357520915566698, 0.018158539375849537, 0.03390945458250669, 0.036298203657317764, 0.04203469580955841, 0.04626671605503477, 0.04813075525250037, 0.04347802030864753, 0.04953308002293288, 0.04635125541682054, 0.04829247654853151, 0.04409183832428629, 0.03765368310231133, 0.03714804274813322, 0.03866494965853156, 0.03721538388430971, 0.028014241785007755, 0.026931510421375326, 0.020404264498906997, 0.01796911706801927]}, "group_val_loss_mean": {"1": [4.311700580412881, 4.29888649920971, 4.292784224476731, 4.288177816491378, 4.284129805732191, 4.280285353549043, 4.27650264968649, 4.272753046967133, 4.269003214194761, 4.265240002096745, 4.261438389967756, 4.2575338974333645, 4.253496950829936, 4.24930324958779, 4.244892723379079, 4.240188606998377, 4.235196488642553, 4.229708678541128, 4.223561716358565, 4.216560207612334], "2": [12.84021396664848, 12.805949153955916, 12.822345769893357, 12.805038969419154, 12.763913620285123, 12.704191992854513, 12.62486875824064, 12.573505701377378, 12.49827231998332, 12.410132134866993, 12.297900356047336, 12.164914203666108, 12.036691197177822, 11.853814279823972, 11.700611076856914, 11.566798873812134, 11.461053298927888, 11.341897224125109, 11.125977875893575, 10.916490478125233], "3": [12.94312724081861, 12.890704270227147, 12.865455595838164, 12.814301703640824, 12.78054986780847, 12.72449470217, 12.655429975795933, 12.58477481717487, 12.507959590785454, 12.451984731309828, 12.385875080993534, 12.250061889838056, 12.133175340544645, 11.995625613028544, 11.904029519934403, 11.821008034849259, 11.686007950970536, 11.524552511192901, 11.283974188810205, 11.075250373249167]}, "group_val_loss_std": {"1": [0.012932397362926205, 0.01236782339762878, 0.012131626451560512, 0.012070700347416958, 0.011919749001983783, 0.01176689949176304, 0.011650095117450892, 0.011521957477878056, 0.011390798572676329, 0.011269368254652709, 0.011126667876746783, 0.010985872730623736, 0.010878296772915609, 0.010748486737034036, 0.01060364347320167, 0.01042632004909306, 0.010266942842385694, 0.010123762758270838, 0.009919395529316479, 0.009602947779806966], "2": [0.13047669666014894, 0.06398936545746692, 0.08408440031568791, 0.08391184530101116, 0.07903186167847913, 0.06655851050730216, 0.07170568823981682, 0.09536552081963937, 0.15076952231197638, 0.14532345405676583, 0.19090991532147153, 0.29482277925522216, 0.3624583652256474, 0.44819351547839603, 0.4838335020405798, 0.490025877595145, 0.4520360925860278, 0.3888268784377233, 0.38139802477985124, 0.4072492137206772], "3": [0.0714854306426142, 0.05613099947764473, 0.06781753687569668, 0.08050308666689732, 0.0881173792006263, 0.14088383051835082, 0.1701221582038903, 0.20412113355250705, 0.24111011668517665, 0.22772158472474482, 0.20226772615545494, 0.22883777983813317, 0.2572445136772031, 0.33459781299089875, 0.3042509583053369, 0.31522881910596645, 0.29065965260995463, 0.28683494130239895, 0.28248496709941384, 0.2749531759103273]}, "group_train_acc_mean": {"1": [0.03515625, 0.0234375, 0.01953125, 0.0625, 0.10546875, 0.09375, 0.12890625, 0.11328125, 0.1640625, 0.25, 0.265625, 0.2578125, 0.2421875, 0.27734375, 0.25390625, 0.31640625, 0.23828125, 0.25, 0.296875, 0.2734375], "2": [0.015625, 0.1953125, 0.28515625, 0.37890625, 0.46484375, 0.53125, 0.6015625, 0.59765625, 0.73046875, 0.75390625, 0.78515625, 0.8203125, 0.85546875, 0.890625, 0.89453125, 0.953125, 0.93359375, 0.92578125, 0.953125, 0.9453125], "3": [0.0234375, 0.19661458333333334, 0.3190104166666667, 0.4036458333333333, 0.4947916666666667, 0.53515625, 0.6145833333333334, 0.65625, 0.72265625, 0.7421875, 0.7734375, 0.8268229166666666, 0.8528645833333334, 0.84765625, 0.8619791666666666, 0.90625, 0.8958333333333334, 0.9231770833333334, 0.92578125, 0.9388020833333334]}, "group_train_acc_std": {"1": [0.02561499423555469, 0.013531646934131853, 0.017026948998205758, 0.05524271728019903, 0.06477782793662891, 0.03314563036811941, 0.04863242030464349, 0.06188663874122992, 0.07370297759419221, 0.08193819126329309, 0.03983608994994363, 0.02591113117465156, 0.06765823467065928, 0.03000447557761175, 0.04987166146407697, 0.04863242030464349, 0.07020390920160714, 0.04555431167847891, 0.024705294220065465, 0.05002440810494413], "2": [0.015625, 0.13372845912987258, 0.07192168999813268, 0.054547812670972425, 0.052262063126014266, 0.07074519639169857, 0.06855440927650096, 0.09268601966956776, 0.04188986443267034, 0.057807221042768524, 0.08725901524878389, 0.02591113117465156, 0.07020390920160714, 0.03314563036811941, 0.03886669676197734, 0.015625, 0.03382911733532964, 0.03197403426512676, 0.029231698334171417, 0.04487939567607835], "3": [0.02255274489021976, 0.08710343854335711, 0.06734427365096746, 0.05875267798270041, 0.0679083583875276, 0.0625406768673064, 0.0763691578052874, 0.07707629472369136, 0.046929222111823175, 0.047091513854232096, 0.06298638865858242, 0.049187048873760686, 0.03342577513800374, 0.04987166146407697, 0.05214839686067913, 0.046875, 0.042472672995573155, 0.027405683827928632, 0.04285021529141753, 0.03904079257959622]}, "group_val_acc_mean": {"1": [0.02046783625730994, 0.07017543859649122, 0.07017543859649122, 0.07894736842105263, 0.097953216374269, 0.097953216374269, 0.097953216374269, 0.097953216374269, 0.097953216374269, 0.097953216374269, 0.13596491228070173, 0.13011695906432746, 0.15789473684210525, 0.16520467836257308, 0.16520467836257308, 0.16374269005847952, 0.16374269005847952, 0.1725146198830409, 0.2046783625730994, 0.22807017543859648],