{"group_train_loss_mean": {"1": [4.153537978728612, 4.142955551544825, 4.057193279266357, 3.9197636743386584, 3.721886297067006, 3.438379595677058, 3.1452530125776925, 2.953105866909027, 2.7455951472123465, 2.556816130876541, 2.418271631002426, 2.2107528001070027, 2.1232431679964066, 1.9583076387643814, 1.863999476035436, 1.7942464798688889, 1.713157946864764, 1.7228039552768073, 1.6429854929447174, 1.6095424195130665], "2": [12.558621128400167, 10.839621504147848, 9.83681321144104, 9.16654348373413, 8.829802513122559, 8.518009463946024, 8.223068555196125, 8.005193074544271, 7.734542111555736, 7.509470820426941, 7.277064760526022, 7.158766210079193, 6.924984196821849, 6.78711454073588, 6.572199642658234, 6.403915325800577, 6.256345868110657, 6.055767675240834, 5.890316088994345, 5.758001267910004], "3": [12.688576698303223, 11.069220741589865, 10.044398758146496, 9.42231375641293, 8.983501010470922, 8.656434231334263, 8.296450787120396, 8.032304194238451, 7.8123303982946615, 7.638157784938812, 7.435089541806115, 7.193005873097314, 7.034076935715145, 6.834518386258019, 6.622753706243302, 6.444730824894376, 6.273443149195778, 6.114622427357568, 5.979770534568363, 5.882563458548652]}, "group_train_loss_std": {"1": [0.061160308385762925, 0.038250028366822036, 0.03891203505949191, 0.028384672973298317, 0.02906901337261977, 0.047145690529901085, 0.04747439517581166, 0.01965967278086471, 0.07135422182517809, 0.05932068497876249, 0.0717573101238082, 0.0811399968467527, 0.05489096816980541, 0.09685504743913438, 0.05308978674238253, 0.054945249210553736, 0.022916963311250732, 0.12328723946850641, 0.035912876094637766, 0.026794928152803245], "2": [0.12603630613530306, 0.409864300268922, 0.21931826923778236, 0.16607079816319686, 0.14858672043453064, 0.07165113725228403, 0.05668739760033315, 0.04274714907509263, 0.08561208672359237, 0.03892534000268546, 0.08362704394006062, 0.11300452222610001, 0.029771955226228903, 0.07416629527543295, 0.04431768801462125, 0.02843837608760022, 0.06857790237103831, 0.04127855148942433, 0.03958965299780838, 0.06701497554701091], "3": [0.12700014214264654, 0.19145297497202166, 0.1791066178481082, 0.12662403011263543, 0.11474798846498788, 0.11015065118515781, 0.09669375012588033, 0.10470088256352471, 0.07148555539495269, 0.13207322341320105, 0.11387751703327, 0.12239782933681649, 0.06306728026273876, 0.07356577618141878, 0.08446944582556705, 0.09440320863459166, 0.08535457667903636, 0.09686162935238704, 0.06539573793681498, 0.08216992621373248]}, "group_val_loss_mean": {"1": [4.293684951046057, 4.261604180112917, 4.236112766795689, 4.204807755542777, 4.151531048685487, 4.016496521687647, 3.705409492316999, 3.2393613841101443, 2.8898260687526904, 2.675488058586567, 2.475805682397028, 2.3051222402449936, 2.157401773664686, 2.020355480804778, 1.9009583168908168, 1.839928361058932, 1.7937203839159848, 1.7505592632363414, 1.6843961693390073, 1.6689359519565314], "2": [12.453586643899392, 11.228123571440491, 10.440292550806413, 9.90016674437718, 9.42814139873661, 9.036054371393215, 8.69401442516617, 8.372547298844097, 8.182788238887898, 7.983035335763853, 7.716527300271374, 7.546093521062394, 7.406118678070648, 7.1214489309411295, 6.958726368452373, 6.861882946644609, 6.645014396884985, 6.502556910988879, 6.352578427359375, 6.249254250387002], "3": [12.662071317260029, 11.51207202777528, 10.691698623679535, 10.059170542637043, 9.529091140215392, 9.148001487724498, 8.780362659959998, 8.468077495548926, 8.188232410023783, 7.950839431894686, 7.723305715454951, 7.5736132948486885, 7.376522808279443, 7.184744337845964, 6.989399553274783, 6.840193139879328, 6.66535324590248, 6.55287912133609, 6.392982074159395, 6.290073584627222]}, "group_val_loss_std": {"1": [0.011721007016518277, 0.011049291635998137, 0.01058621877542132, 0.010546141461514625, 0.009474987618229892, 0.011000576434604989, 0.04049198712300498, 0.0680853603224376, 0.10531536067572253, 0.07130378586889914, 0.059977479441789903, 0.11330193766245485, 0.11049129306581314, 0.09448216384257446, 0.10565909385101727, 0.10519156859134028, 0.1343237196384197, 0.10615714448636215, 0.10690332088499876, 0.11691842227769253], "2": [0.29300430040882336, 0.5952616773143298, 0.3872735097344854, 0.22750055087562976, 0.216815123110812, 0.13987962418641267, 0.12672004622279068, 0.0747834849076703, 0.042804966616180454, 0.1001737808135546, 0.11010055733523369, 0.09898625088050426, 0.1781176813454195, 0.08554513032211696, 0.05884283992367823, 0.11514447337654414, 0.05793634233855278, 0.043506805664406595, 0.10459961310637704, 0.11123748740073686], "3": [0.18461542346010093, 0.42380316304151044, 0.42452032015908503, 0.3141336643934377, 0.2539374173113621, 0.24014503520434086, 0.1690153990687688, 0.13517360894385588, 0.0759865386385859, 0.13208151121331038, 0.08371023423869343, 0.13667718625707845, 0.10081621352352094, 0.09377082103485988, 0.10368231352106284, 0.09756217208228328, 0.08349310844959056, 0.10689936538927118, 0.08209079498357098, 0.16232102633220646]}, "group_train_acc_mean": {"1": [0.15081845620894857, 0.18960616350259812, 0.2525809881497488, 0.25404297645384233, 0.2569476599612423, 0.2759813757267068, 0.2781722145049819, 0.31184081905643873, 0.32941040283994444, 0.34479343520090544, 0.37480706899212846, 0.38212344154619193, 0.42532283788650516, 0.4399663013839584, 0.46413198195880706, 0.47950429593044197, 0.4897553634820188, 0.4978091612217249, 0.5021972698118709, 0.5058693899950266], "2": [0.21187683284457476, 0.5117302052785924, 0.7023460410557185, 0.7895894428152492, 0.8255131964809383, 0.8409090909090909, 0.8629032258064516, 0.8658357771260997, 0.8914956011730205, 0.8958944281524927, 0.9237536656891495, 0.9032258064516129, 0.9281524926686217, 0.9120234604105573, 0.9296187683284458, 0.934017595307918, 0.9442815249266863, 0.9442815249266863, 0.9589442815249267, 0.9486803519061584], "3": [0.2355601858997444, 0.5191959207239344, 0.6905150829174599, 0.7766659235250066, 0.8015683147262095, 0.8393935106583662, 0.8782019401713798, 0.8872554063555761, 0.8855376058262306, 0.8945410528602378, 0.898943452636152, 0.9131067322917917, 0.9106722287961676, 0.9170060823286631, 0.9343327159541083, 0.9389716348544872, 0.951184882212047, 0.9541060005830803, 0.955571561683616, 0.9375146484654125]}, "group_train_acc_std": {"1": [0.030667052080690104, 0.031115365621010537, 0.01960528458331703, 0.012978332139000988, 0.007025945000125586, 0.026277939855942536, 0.02629901538392143, 0.015729275156073926, 0.024401376195070847, 0.007138751133416618, 0.01330413027727839, 0.011321834188644343, 0.006199981870077604, 0.011946146287181072, 0.0021436778652398347, 0.00963959164898723, 0.017105490252882338, 0.02109872922466695, 0.00736773163231718, 0.014243251988960403], "2": [0.012677138171400721, 0.08908152597703248, 0.029215335550104533, 0.03780461315059748, 0.042013339536347234, 0.01663754504092406, 0.02046229580198365, 0.011045835171055242, 0.028280500765375208, 0.013196480938416412, 0.012091218843453539, 0.027509769852336805, 0.006719319200815009, 0.025982470889544508, 0.01877749043235443, 0.009388745216177241, 0.01359768107843949, 0.01956255727877765, 0.0058651026392961825, 0.013832816909173927], "3": [0.03295493275610269, 0.051654918300559495, 0.039628505947296694, 0.02595807072034757, 0.026357901621504747, 0.026336314658747712, 0.02214788446011839, 0.024353823854239384, 0.020802891163605917, 0.02446265541051341, 0.02409273731060406, 0.033974375000091, 0.026446522565941162, 0.0242563791583829, 0.02713757870524033, 0.027353415380240206, 0.02008717333239572, 0.019910682846754128, 0.017759977461872994, 0.02064119319451461]},