{"group_val_acc_mean": {"1": [0.17543859649122806, 0.0935672514619883, 0.08187134502923976, 0.22807017543859648], "2": [0.6198830409356725, 0.6666666666666666, 0.5555555555555556, 0.6023391812865497], "3": [0.6198830409356725, 0.5380116959064327, 0.7192982456140351, 0.6491228070175439, 0.5847953216374269, 0.6140350877192983, 0.6140350877192983, 0.6140350877192983, 0.631578947368421, 0.7017543859649122, 0.695906432748538, 0.5380116959064327]}, "group_val_acc_std": {"1": [0.0, 0.0, 0.0, 0.0], "2": [0.0, 0.0, 0.0, 0.0], "3": [0.0, 0.0, 0.0, 0.0, 0.0, 0.0, 0.0, 0.0, 0.0, 0.0, 0.0, 0.0]}}