{"group_train_loss_mean": {"1": [4.174825529257457, 4.132197091976802, 4.078700313965479, 3.9220358530680337, 3.718997577826182, 3.462623735268911, 3.20191024740537, 2.9550379514694214, 2.7764279146989184, 2.5643434425195055, 2.388694077730179, 2.227768361568451, 2.117604970932007, 1.956592544913292, 1.8656418621540067, 1.8003701567649841, 1.7776108582814534, 1.6872343719005585, 1.6273693988720577, 1.638541246453921], "2": [12.488657156626383, 10.831567287445068, 9.850389917691547, 9.245462934176127, 8.827483693758648, 8.516700466473896, 8.230492452780405, 7.897688706715902, 7.729281783103943, 7.492264568805695, 7.270756463209788, 7.10577791929245, 7.001082579294841, 6.82973837852478, 6.679933627446492, 6.44951319694519, 6.295804679393769, 6.126893023649852, 5.934450030326843, 5.730937739213307], "3": [12.682673202620611, 11.009963168038261, 10.017786317401463, 9.415471262402002, 8.971271700329249, 8.599747962421842, 8.359208914968702, 8.057431545522478, 7.804247836271922, 7.592882361676957, 7.404115557670593, 7.221153517564137, 6.990610864427356, 6.821577774153815, 6.645827048354679, 6.474501894579993, 6.297463079293569, 6.163457625442081, 6.001979516612159, 5.876566449801126]}, "group_train_loss_std": {"1": [0.04699063700362083, 0.03398739980342958, 0.029276165122277677, 0.018732467344921077, 0.05358563612335766, 0.08024946072279662, 0.0204650477905493, 0.04951899682208519, 0.030854978523441844, 0.021715746973837685, 0.058119686676004034, 0.042731076568280686, 0.05037028017605955, 0.04136958918457455, 0.045745826855755865, 0.06592294746146747, 0.061878015048652334, 0.06476247299224772, 0.030806889215954245, 0.07287432364761295], "2": [0.09516425755112912, 0.2810959056614877, 0.2533763075214885, 0.17836098124236072, 0.12018068799471958, 0.11315139586956974, 0.1148750181875124, 0.07049661952261241, 0.09842349095986151, 0.049169705389972375, 0.06789574524515209, 0.06317237120755734, 0.09278551147616407, 0.10259630625040676, 0.11253256322508669, 0.09201712630598452, 0.08371202477576581, 0.12352666618364007, 0.11983925825655162, 0.0846082398926516], "3": [0.14162275482612885, 0.21963666720125669, 0.17107085574699987, 0.13910618809838027, 0.10264613898262878, 0.07221510269897356, 0.13756670634492305, 0.09666239272126229, 0.07077319356561952, 0.09286397396796497, 0.11145751878392018, 0.09625276396468738, 0.11008311488386356, 0.06879403121959655, 0.07129075551425999, 0.08427616576683586, 0.08098424705370112, 0.08335869169608216, 0.10652683199215617, 0.12550295054138141]}, "group_val_loss_mean": {"1": [4.293151202954744, 4.261461143605193, 4.2353679492459655, 4.204185655939648, 4.153717493453221, 4.036233866423892, 3.7454616214796816, 3.2764753131141435, 2.8917557701729892, 2.679507395328834, 2.498488869931963, 2.299068405788544, 2.125642388187654, 2.0171612419231595, 1.9031853708955977, 1.8284090656286096, 1.7761147450982477, 1.7374124234182793, 1.7098066803307561, 1.6628842203937777], "2": [12.426806956006768, 11.175219725447091, 10.484468560469779, 9.90969209085431, 9.419105428004125, 8.964839861406919, 8.633933045013606, 8.357356397729172, 8.152971701315272, 7.9228249265436546, 7.757811975757978, 7.574596097594814, 7.3117841245138155, 7.220415988860772, 6.9181309966316, 6.802779951987908, 6.666662195969744, 6.498222268115707, 6.377904063079789, 6.1767615993120515], "3": [12.478917638228419, 11.382102396985475, 10.608045958171346, 10.006081933863678, 9.508718863332945, 9.109303455371373, 8.765430294747008, 8.403023415374014, 8.151724927141885, 7.9821839862399635, 7.7775791864878485, 7.535960997521992, 7.359313462445146, 7.188600005462156, 7.026172719271327, 6.876044009164062, 6.7037531932195025, 6.559990316571316, 6.384931671689128, 6.286965288846349]}, "group_val_loss_std": {"1": [0.010930575847619107, 0.010537335973716701, 0.010694626887849088, 0.011317434571037174, 0.010501595172125233, 0.013837516377905956, 0.012004312934109395, 0.027716273844264804, 0.05099067080263574, 0.07766793762346322, 0.08585284511049486, 0.13498955856470882, 0.12968118100708076, 0.1508073635636501, 0.12896309727306898, 0.13305790595581385, 0.12010287888299385, 0.11417067667830484, 0.09772356912867952, 0.10460605531223997], "2": [0.3339584969822741, 0.6834715906211757, 0.49429485358256436, 0.29113084653915255, 0.19530430781173386, 0.15236628050709586, 0.14272749014584446, 0.115476002966246, 0.05149414020662956, 0.05637098842913997, 0.07054542802980178, 0.08111775784568487, 0.10215979656040258, 0.14487704375185131, 0.11785318578400353, 0.08068525243000281, 0.08567729255232254, 0.09742790130788931, 0.14150925690620786, 0.048622684925753654], "3": [0.3541047188085523, 0.4988390176836815, 0.3639382221279486, 0.22859504127105024, 0.2398246644124474, 0.20483333425378614, 0.14803680066908464, 0.13332669844393397, 0.09788111409708009, 0.137124579645597, 0.1198748208749045, 0.09575344948663239, 0.1372059675199828, 0.1354979472341331, 0.1360470901382818, 0.13916686614712354, 0.10814978754261895, 0.12151483010372136, 0.11028822994763604, 0.12022788874643286]}, "group_train_acc_mean": {"1": [0.15958395499991426, 0.21155528116478883, 0.2525959938948054, 0.2467073107989916, 0.2635480441083157, 0.2628191936341342, 0.2737948243041622, 0.300134194234364, 0.3213544614223731, 0.3499125379430982, 0.3733600864330916, 0.39020510709814615, 0.42898852703606527, 0.44142400233232154, 0.47511189998456554, 0.47948285915178956, 0.47144192347927494, 0.5000214367786524, 0.5278442317916002, 0.512450481041313], "2": [0.21920821114369501, 0.5102639296187683, 0.6950146627565983, 0.7771260997067448, 0.8225806451612903, 0.8475073313782991, 0.8526392961876833, 0.8914956011730205, 0.8892961876832844, 0.9068914956011731, 0.9193548387096775, 0.9237536656891496, 0.9061583577712611, 0.904692082111437, 0.905425219941349, 0.9171554252199414, 0.9252199413489737, 0.9391495601173021, 0.9508797653958945, 0.9648093841642229], "3": [0.23554589471397622, 0.5372278243670434, 0.6961329480429651, 0.7696060777554835, 0.8113334819616652, 0.8430520542150424, 0.8530716045571732, 0.8750571647430729, 0.895539292186151, 0.9018895805822799, 0.9055431222239371, 0.909938376406967, 0.9257751539160707, 0.928471186111254, 0.9333551988475586, 0.9428881343142802, 0.9438613640650994, 0.9428709848913583, 0.9509147788010267, 0.9523796253422737]}, "group_train_acc_std": {"1": [0.02240438951569979, 0.028383099936923274, 0.0362076613218512, 0.008157400449087842, 0.014847544966663285, 0.027892784800101777, 0.019185104434758998, 0.016153482395646672, 0.020071446224951432, 0.013431229018181733, 0.01838648588153351, 0.014481581508000241, 0.00928955228146602, 0.011154421528160095, 0.020865575467257688, 0.01340890553343423, 0.013629472848228526, 0.017596588123374158, 0.018001150519741185, 0.012613547744795969], "2": [0.01611236141923454, 0.08425664456632637, 0.055214575905462554, 0.04393936675592873, 0.04297463604033094, 0.03451203019337188, 0.04535392324991653, 0.029030776940210137, 0.021686509468840216, 0.023947922244957603, 0.023869238410703392, 0.014216069963097754, 0.03212449017625608, 0.026270488075027753, 0.02626025614160161, 0.02971696216937134, 0.01928584521695883, 0.031948326348241844, 0.027694760656193716, 0.02336858863711033], "3": [0.036621567864935985, 0.07135249164149962, 0.04626336998941678, 0.034755205877938476, 0.018604984789285087, 0.01948164425554436, 0.032432897174816754, 0.028590696538682823, 0.02276144019782461, 0.02302533561255079, 0.02836192098338792, 0.031338459843608724, 0.03149023551131653, 0.02450456857328151, 0.025149226026061105, 0.02399789875987796, 0.017680484276851437, 0.020425441917079953, 0.023637582843397852, 0.027030743128776093]},