{"group_val_acc_mean": {"1": [0.14619883040935672, 0.23391812865497075, 0.1871345029239766, 0.03508771929824561], "2": [0.631578947368421, 0.6608187134502924, 0.5730994152046783, 0.695906432748538], "3": [0.6783625730994152, 0.6374269005847953, 0.6608187134502924, 0.631578947368421, 0.6257309941520468, 0.6198830409356725, 0.6081871345029239, 0.6549707602339181, 0.6257309941520468, 0.6842105263157895, 0.7134502923976608, 0.5497076023391813]}, "group_val_acc_std": {"1": [0.0, 0.0, 0.0, 0.0], "2": [0.0, 0.0, 0.0, 0.0], "3": [0.0, 0.0, 0.0, 0.0, 0.0, 0.0, 0.0, 0.0, 0.0, 0.0, 0.0, 0.0]}}