{"group_val_acc_mean": {"1": [0.19298245614035087, 0.2807017543859649, 0.1695906432748538, 0.2222222222222222], "2": [0.6491228070175439, 0.7251461988304093, 0.5146198830409356, 0.6257309941520468], "3": [0.5614035087719298, 0.5380116959064327, 0.6842105263157895, 0.6842105263157895, 0.5321637426900585, 0.5964912280701754, 0.6374269005847953, 0.6491228070175439, 0.672514619883041, 0.6783625730994152, 0.45614035087719296, 0.52046783625731]}, "group_val_acc_std": {"1": [0.0, 0.0, 0.0, 0.0], "2": [0.0, 0.0, 0.0, 0.0], "3": [0.0, 0.0, 0.0, 0.0, 0.0, 0.0, 0.0, 0.0, 0.0, 0.0, 0.0, 0.0]}}