{"group_train_loss_mean": {"1": [4.226374169190724, 4.156161354647742, 4.102969249089559, 3.9930844836764865, 3.838045517603556, 3.615194704797533, 3.4066625369919667, 3.202175418535869, 3.007953186829885, 2.7974088191986084, 2.6505521999465094, 2.4637648198339677, 2.312560952372021, 2.162503550450007, 2.0645476414097677, 1.9632565081119537, 1.8655181626478832, 1.7998313440216913, 1.7437014546659257, 1.6891632742351959], "2": [12.311472829182943, 10.949805386861167, 10.368190638224284, 9.951273854573566, 9.578160540262857, 9.307088406880696, 9.123873615264893, 8.841433175404866, 8.565648428599038, 8.308469263712563, 8.041927083333333, 7.823137807846069, 7.635680913925171, 7.351914755503337, 7.087742408116659, 6.941711139678955, 6.7635246117909755, 6.540848573048909, 6.414571142196655, 6.195097096761068], "3": [12.542962074279787, 11.220829045331037, 10.620840337541368, 10.138137817382812, 9.734332738099276, 9.474384537449588, 9.117765638563368, 8.864672025044761, 8.576702824345341, 8.294787601188379, 8.050101968977188, 7.828389035330878, 7.570841135802092, 7.354467868804932, 7.150674881758513, 6.936303015108461, 6.747252172893948, 6.483212400365759, 6.316769273192794, 6.166089649553651]}, "group_train_loss_std": {"1": [0.08981441873740488, 0.07030500479881657, 0.11350843390493305, 0.15042139416223735, 0.18400677855668524, 0.18894281106954436, 0.16811631000676047, 0.15689711067805506, 0.13022980545007076, 0.13077581178814063, 0.1370982101828586, 0.11881588911198843, 0.1314234546916269, 0.10623055290075527, 0.07290582755351152, 0.0725681398055341, 0.08054591932125832, 0.06389396417778884, 0.07448687029167306, 0.098008571152962], "2": [0.11890035533493552, 0.13756427923500453, 0.07434438354587296, 0.06696721045710706, 0.1003031345684884, 0.07406893645923082, 0.046688852703106735, 0.08504322112139155, 0.05597078493183746, 0.044752226170481385, 0.06587789975413305, 0.06260805537774601, 0.10066336627214251, 0.10501534188154045, 0.10239557649583356, 0.09859805684098016, 0.07568822777471236, 0.13192795256657366, 0.1376058431482408, 0.11069232825120304], "3": [0.14271792168088018, 0.20118958577096666, 0.17880908882637037, 0.1807547974433015, 0.14859195455991425, 0.14433575007327196, 0.13536739737725517, 0.09403010868156732, 0.06905372906170484, 0.07547050861100302, 0.09900856426968381, 0.1064001654850741, 0.10690596396515915, 0.059266731234228605, 0.11121315212001, 0.10315373864279354, 0.08896345410236571, 0.0775962437897993, 0.06979778369879965, 0.06529316799927352]}, "group_val_loss_mean": {"1": [4.304054728725501, 4.276402495757878, 4.253956773824859, 4.229811924475211, 4.192892613234343, 4.107303957725361, 3.8866849363895883, 3.527604662419295, 3.1855253899074207, 2.96261422792141, 2.792243793693899, 2.591217869903609, 2.41866625668245, 2.2674965262413025, 2.122047201815637, 2.014570153247543, 1.937715437328606, 1.898004831510213, 1.8351241546532329, 1.7935147606141386], "2": [12.072077413190874, 11.187124514440349, 10.641571192155805, 10.214556340446249, 9.883888063932721, 9.546208508809409, 9.305605704324288, 9.014910131309465, 8.80411626693101, 8.581814643235235, 8.442651206568668, 8.24080223061188, 8.017496563537776, 7.881875137418334, 7.82365530136733, 7.700668611024556, 7.506560741669951, 7.368408998411302, 7.262524474294563, 7.140999785640784], "3": [12.544508725811397, 11.56118359420112, 10.990975046560624, 10.517493982296473, 10.157717903687475, 9.787719873424628, 9.49343073251884, 9.141341742948715, 8.814695706531705, 8.579316170204761, 8.377571625241682, 8.100651962560365, 7.9585088388419445, 7.702114126293438, 7.576895708538945, 7.4536921902087085, 7.21707363326957, 7.147725707916099, 7.051373485158681, 6.887362009523131]}, "group_val_loss_std": {"1": [0.023050444483526354, 0.015562614546611423, 0.012250733733503761, 0.013788821610225157, 0.02411279038040354, 0.04427791881618688, 0.09644539792119297, 0.14453829112431948, 0.16682223414564235, 0.17697645343030316, 0.20490428424947404, 0.18282359446562252, 0.1794307316510259, 0.16023916209139327, 0.1468799449549944, 0.12570146809279914, 0.11789669941429798, 0.07981425216916858, 0.10858346556989017, 0.10316638629850028], "2": [0.2996460872592552, 0.1842731610125552, 0.12661079332536945, 0.07267889969950969, 0.0680778791821892, 0.12277745880662264, 0.07276727172085448, 0.09439180842379108, 0.10335375808280273, 0.09349730329571784, 0.12054403155154271, 0.09978758783160106, 0.0909767649230457, 0.0742539606116797, 0.16624017610637246, 0.2117381390072417, 0.06715227553956024, 0.06225743266360842, 0.129690891667348, 0.06154152587132411], "3": [0.15469524483366281, 0.1769473723398426, 0.1478096487002465, 0.11713273279766151, 0.11703118233315363, 0.0905547350166681, 0.13560003196505643, 0.15139958597845657, 0.11920847354305311, 0.12473366440399913, 0.12966857076920363, 0.10109931445886858, 0.15934970743271676, 0.11936250951774237, 0.1192096305183809, 0.2017563052462792, 0.1583501865249746, 0.2127508157192595, 0.18921560646353358, 0.20012707052045328]}, "group_train_acc_mean": {"1": [0.12995261042799242, 0.19004561746497228, 0.2247331835617065, 0.24475227658589285, 0.24084792463400273, 0.24329314651895298, 0.25060737539515127, 0.26967610456574803, 0.29604334230819795, 0.31120057393402045, 0.35222056444467315, 0.3829937747594794, 0.41279089708631306, 0.4377047212361304, 0.4499151103565365, 0.4630987292277615, 0.48606895211309475, 0.486074668587402, 0.49095082117153427, 0.5002429501580605], "2": [0.2536691190341445, 0.4874037488638507, 0.5412958103959802, 0.580550839464252, 0.613944195777812, 0.6309152647013427, 0.6215602544974361, 0.646773336077241, 0.6666838160895886, 0.684224245854127, 0.7141311244876611, 0.71589065527945, 0.7387679854572895, 0.7639433383066659, 0.8067225737853922, 0.8102124813500027, 0.8154653495909863, 0.8471111797088028, 0.842983313611497, 0.8740597828883058], "3": [0.26064455153306315, 0.501136625641436, 0.5697876710893124, 0.6059100722371804, 0.6319562346727032, 0.6339065051572126, 0.6566828442889564, 0.6700441502365668, 0.6895573352845566, 0.7038847253901017, 0.7312228110190759, 0.7344735794084973, 0.7640668141517039, 0.7780759871874756, 0.7826215370075018, 0.819402285446428, 0.8230046170057489, 0.8669195253801932, 0.881571801775537, 0.889027037017982]}, "group_train_acc_std": {"1": [0.028791779748121266, 0.03299321363680352, 0.030503064754668435, 0.027736286690895447, 0.029887146000024838, 0.023126666407301863, 0.02938090135799523, 0.028693519954376665, 0.03849865239661681, 0.04470097404599138, 0.035305112391413394, 0.03834887184008377, 0.029706376279333764, 0.03856100274945528, 0.02167028929724904, 0.043119613635172055, 0.029830485665231544, 0.030963672518876766, 0.027273572251570007, 0.029863179118416124], "2": [0.011072134946865103, 0.025165633745804827, 0.030754177320867816, 0.03099868891515329, 0.02730714065963136, 0.02345635075698672, 0.017777421848913493, 0.03293368676783722, 0.019256961688244246, 0.0232438331038798, 0.02131633782385965, 0.017987164362882318, 0.04050551588148246, 0.03152520608319986, 0.04283702602374238, 0.03266409828256046, 0.03835466093920468, 0.03869048250769273, 0.039471185935338736, 0.02759813082903112], "3": [0.0386955880304145, 0.030439009397956174, 0.03347382188031393, 0.03461762683672732, 0.02134918603931616, 0.035453501555271105, 0.02975324850699523, 0.030120894959974994, 0.021892398048335985, 0.025997392046045294, 0.031912246108496294, 0.02731181442555879, 0.044534245647674046, 0.02290107999167212, 0.028712579046606203, 0.02940389019118639, 0.04054216416201939, 0.03360198045022892, 0.041951840061221456, 0.03473817114577918]},