{"group_train_loss_mean": {"1": [0.7406588792800903, 0.7174996733665466, 0.7176167170206705, 0.7141960263252259, 0.7126487294832866, 0.7116547226905823, 0.7100823720296224, 0.7094431122144063, 0.7071286837259928, 0.7044530510902405, 0.7023022373517354, 0.7004871964454651, 0.6994446317354839, 0.6944177150726318, 0.6932599743207296, 0.6837655901908875, 0.6830002268155416, 0.6759010752042135, 0.6683262089888254, 0.6585869093736012], "2": [2.189672986666362, 2.0689383347829184, 2.0169977744420367, 1.9542968273162844, 1.905818740526835, 1.8489590485890706, 1.7848913272221882, 1.76510755221049, 1.7021655241648357, 1.6671584049860637, 1.647464354832967, 1.6202164491017659, 1.5879571437835693, 1.5589638948440552, 1.5372441212336223, 1.5135823090871174, 1.5081234773000083, 1.4952968756357827, 1.4815932512283325, 1.4636996189753215], "3": [2.232763701015049, 2.1163445976045394, 2.0417189465628733, 1.9967293209499786, 1.940512484974331, 1.8972599109013875, 1.849213812086317, 1.823051439391242, 1.7799809376398725, 1.7452743583255346, 1.7135294410917492, 1.666792048348321, 1.635697470770942, 1.6260717444949682, 1.5989449156655207, 1.5658822324540882, 1.5524558888541327, 1.5344757503933375, 1.516689525710212, 1.5037745899624293]}, "group_train_loss_std": {"1": [0.005736057606399069, 0.0033870418846569275, 0.0027397936697260202, 0.0019628221766057816, 0.0024547850015956903, 0.0013073254070889116, 0.0008862425579387065, 0.0020500020557937112, 0.0010975866072644009, 0.0014992627013166225, 0.0010082130898518542, 0.0011463149819690799, 0.00097246244645521, 0.0033971693573262565, 0.003496457346876653, 0.004500353982744002, 0.0029660065662059014, 0.004154802674097388, 0.005189677576052845, 0.009400114396125188], "2": [0.010839773311075454, 0.04481259583223921, 0.031041200755806155, 0.03941908861496997, 0.03930780091036918, 0.05432852467267389, 0.048971642042874186, 0.06708460643821894, 0.055369968711145905, 0.06524353632667768, 0.07399602805271284, 0.05141003641358479, 0.05493238336795591, 0.03896609252756162, 0.03615187815574025, 0.029617627225577786, 0.030177997832937693, 0.027940634637013004, 0.03860173452094722, 0.023642934291572167], "3": [0.015357520915566698, 0.018158666924077083, 0.03392027613960007, 0.03668533863024811, 0.041950410321366684, 0.046451435389317786, 0.04844667667067171, 0.045556735949084735, 0.04707278526408889, 0.046614867772776056, 0.047435614826049875, 0.04606457088725464, 0.03932459024462694, 0.03596853924130907, 0.039692893842653204, 0.038343628585717916, 0.02767658025850158, 0.02708560600115238, 0.022715552569333004, 0.01891537016935115]}, "group_val_loss_mean": {"1": [4.311700580412881, 4.298886663035343, 4.292784209139863, 4.28817786110772, 4.284129864988271, 4.280282001049198, 4.276497301999589, 4.272749281766122, 4.268991500313519, 4.265214683019627, 4.261405576739395, 4.257492448154249, 4.253432998183178, 4.249219581397654, 4.244784132081863, 4.240056865396555, 4.235050018767865, 4.229529879246539, 4.223425242635939, 4.21653001350269], "2": [12.840218393426191, 12.806076903092233, 12.821129989902875, 12.803412148827002, 12.761949908663654, 12.69211481049744, 12.614978649462872, 12.551568285066482, 12.49293223598547, 12.427963906561422, 12.307199256461963, 12.197725369916325, 12.10167900721232, 11.935217087728935, 11.773879541988261, 11.586903908099348, 11.42130632846676, 11.25207583527816, 11.02485192031191, 10.827472518062034], "3": [12.943127459252786, 12.89073729189748, 12.865476891311289, 12.814282711021617, 12.77777298477426, 12.718707063741851, 12.656737906193873, 12.588426650383783, 12.50255837077983, 12.44358493988974, 12.391294457061946, 12.25298624754417, 12.157709476311071, 12.004382667485734, 11.890359134004827, 11.788125236596747, 11.620500207179704, 11.444282356061434, 11.237679537276774, 11.055612754171122]}, "group_val_loss_std": {"1": [0.012932397362926205, 0.012367778049699341, 0.01213149947482805, 0.012070567645969634, 0.011920308755500328, 0.011770721606769723, 0.011661583511071922, 0.011535849087678225, 0.011387707031660801, 0.011256997269668001, 0.011108030743503316, 0.010965949055232628, 0.010835416296621827, 0.010683733822734257, 0.010537251235786357, 0.010387458570949791, 0.010214901004607107, 0.010054404634410959, 0.009862194134459787, 0.009577511118196495], "2": [0.13048088797128907, 0.06397618435275919, 0.08399047091688981, 0.08419004904284062, 0.07493383988322727, 0.0586469730001882, 0.06960318377465982, 0.10142818879871217, 0.17264389429611052, 0.1988517444894942, 0.2341024398597377, 0.3084222330147068, 0.33325996181053813, 0.4060607075906209, 0.453982181542414, 0.47902844730595007, 0.4389528258564477, 0.3710114876720666, 0.35777683204722194, 0.3808799729371865], "3": [0.07148773879177739, 0.05610322563761108, 0.06858026619792078, 0.07978335954270796, 0.09299207250974839, 0.14643703282106527, 0.1655735209895362, 0.19250505971482615, 0.25443485806214, 0.2390380995682516, 0.20234534733272824, 0.2653816720599079, 0.26755627869561316, 0.3592910253972953, 0.31669955599611904, 0.3046652662358608, 0.2937107400380537, 0.2774547684203288, 0.2490233679247337, 0.24839139212822098]}, "group_train_acc_mean": {"1": [0.03515625, 0.0234375, 0.01953125, 0.0625, 0.10546875, 0.09375, 0.12890625, 0.10546875, 0.1640625, 0.25390625, 0.26953125, 0.25390625, 0.23046875, 0.28125, 0.25390625, 0.30859375, 0.234375, 0.2421875, 0.3046875, 0.2734375], "2": [0.015625, 0.1953125, 0.28125, 0.38671875, 0.4609375, 0.5234375, 0.60546875, 0.61328125, 0.73828125, 0.75, 0.7578125, 0.81640625, 0.859375, 0.89453125, 0.8984375, 0.93359375, 0.953125, 0.9375, 0.94140625, 0.96484375], "3": [0.0234375, 0.19661458333333334, 0.3203125, 0.4049479166666667, 0.4921875, 0.5455729166666666, 0.609375, 0.6627604166666666, 0.7161458333333334, 0.7552083333333334, 0.765625, 0.8294270833333334, 0.8541666666666666, 0.8502604166666666, 0.859375, 0.9114583333333334, 0.8919270833333334, 0.921875, 0.921875, 0.9466145833333334]}, "group_train_acc_std": {"1": [0.02561499423555469, 0.013531646934131853, 0.017026948998205758, 0.05524271728019903, 0.06477782793662891, 0.03314563036811941, 0.04863242030464349, 0.0534171653561615, 0.06489549892904746, 0.0844147765038059, 0.04470907477445155, 0.02029747040119778, 0.06932905995819863, 0.0427908248050911, 0.03886669676197734, 0.04605400829121717, 0.06442352540027595, 0.052407843222651324, 0.04207160005573831, 0.0703125], "2": [0.015625, 0.13372845912987258, 0.06987712429686843, 0.04863242030464349, 0.0600089511552235, 0.07452650011069888, 0.06188663874122992, 0.09268601966956776, 0.04863242030464349, 0.05298695299316616, 0.09144296805249708, 0.04188986443267034, 0.05740991584648074, 0.017026948998205758, 0.0234375, 0.01295556558732578, 0.011048543456039806, 0.029231698334171417, 0.03886669676197734, 0.03558763116853242], "3": [0.02255274489021976, 0.08710343854335711, 0.06644453553215142, 0.05862267804422098, 0.06855440927650096, 0.06824457125718052, 0.06958536049941347, 0.0736914749834949, 0.04223248630267411, 0.048719497223619034, 0.05298695299316616, 0.05316264495467084, 0.02946278254943948, 0.055411257372273995, 0.05983919423477113, 0.041503587110701116, 0.04300818897112955, 0.027063293868263706, 0.04373139485350694, 0.02954897322372452]}, "group_val_acc_mean": {"1": [0.02046783625730994, 0.07017543859649122, 0.07017543859649122, 0.07894736842105263, 0.097953216374269, 0.097953216374269, 0.097953216374269, 0.097953216374269, 0.097953216374269, 0.097953216374269, 0.13596491228070173, 0.13304093567251463, 0.14619883040935672, 0.16374269005847952, 0.16228070175438597, 0.16374269005847952, 0.16374269005847952, 0.16666666666666666, 0.19736842105263155, 0.21637426900584794],