{"group_train_loss_mean": {"1": [4.226374169190724, 4.155197276009454, 4.101519346237182, 3.9914982981152005, 3.8350034687254166, 3.606629073619843, 3.3853562739160328, 3.1692881915304394, 2.9667777485317655, 2.752967139085134, 2.617069270875719, 2.4435674415694346, 2.311072025034163, 2.186890853775872, 2.0963126056724124, 2.0042890442742243, 1.925374365515179, 1.8639685379134283, 1.7984657718075645, 1.7375432617134516], "2": [12.459264914194744, 10.828825696309407, 9.824891599019368, 9.269753710428873, 8.832600212097168, 8.579181353251139, 8.340357049306233, 8.066664266586304, 7.830747604370117, 7.581959374745688, 7.369931284586587, 7.132543420791626, 6.858043448130289, 6.661437400182088, 6.551172669728598, 6.431705824534099, 6.283400885264078, 6.088149468104044, 5.929090929031372, 5.80579449335734], "3": [12.602362049950495, 11.133778554421884, 10.22340507860537, 9.634233510052717, 9.159172729209619, 8.80214239049841, 8.459133572048612, 8.170176364757397, 7.889161454306708, 7.665988869137234, 7.453965937649762, 7.21249978630631, 7.019239522792676, 6.787441712838632, 6.592564097157232, 6.414540361475062, 6.237584802839491, 6.078562824814409, 5.95522662445351, 5.807855773855139]}, "group_train_loss_std": {"1": [0.0, 0.0, 0.0, 0.0, 0.0, 0.0, 0.0, 0.0, 0.0, 0.0, 0.0, 0.0, 0.0, 0.0, 0.0, 0.0, 0.0, 0.0, 0.0, 0.0], "2": [0.0, 0.0, 0.0, 0.0, 0.0, 0.0, 0.0, 0.0, 0.0, 0.0, 0.0, 0.0, 0.0, 0.0, 0.0, 0.0, 0.0, 0.0, 0.0, 0.0], "3": [0.0, 0.0, 0.0, 0.0, 0.0, 0.0, 0.0, 0.0, 0.0, 0.0, 0.0, 0.0, 0.0, 0.0, 0.0, 0.0, 0.0, 0.0, 0.0, 0.0]}, "group_val_loss_mean": {"1": [4.30411228101853, 4.276283121016058, 4.25375899004425, 4.229682958614059, 4.190963788804023, 4.101121188604343, 3.860159787750616, 3.451465845805162, 3.109427360763327, 2.923115793027376, 2.753642365946407, 2.5683728735349334, 2.4073717001585933, 2.2941937099190945, 2.18946228575753, 2.0989929617729337, 2.007744925063953, 1.9107509366950097, 1.8603781108502988, 1.8276633880524142], "2": [12.551293993275067, 11.140621364883511, 10.382092198154382, 9.887287004928142, 9.47193231638412, 9.037677339921919, 8.746631720470406, 8.482047357614976, 8.255516317155626, 8.006286567554138, 7.7829393520689845, 7.5408303851969745, 7.365373503813269, 7.176151150151304, 6.976947228392662, 6.856869662993136, 6.629748193283527, 6.446514910424662, 6.320675292767977, 6.309076545113013], "3": [12.658566083901883, 11.508167763822183, 10.807479742519883, 10.262232693702542, 9.778593919740395, 9.385332171989772, 8.987345455682764, 8.651244165372198, 8.31767204165691, 8.052301837531989, 7.8294162161556295, 7.585151823872944, 7.406718366869553, 7.204413902612379, 7.03695391493234, 6.841088175386327, 6.664184915779318, 6.477624130372957, 6.375540724971838, 6.251447183424347]}, "group_val_loss_std": {"1": [0.0, 0.0, 0.0, 0.0, 0.0, 0.0, 0.0, 0.0, 0.0, 0.0, 0.0, 0.0, 0.0, 0.0, 0.0, 0.0, 0.0, 0.0, 0.0, 0.0], "2": [0.0, 0.0, 0.0, 0.0, 0.0, 0.0, 0.0, 0.0, 0.0, 0.0, 0.0, 0.0, 0.0, 0.0, 0.0, 0.0, 0.0, 0.0, 0.0, 0.0], "3": [0.0, 0.0, 0.0, 0.0, 0.0, 0.0, 0.0, 0.0, 0.0, 0.0, 0.0, 0.0, 0.0, 0.0, 0.0, 0.0, 0.0, 0.0, 0.0, 0.0]}, "group_train_acc_mean": {"1": [0.12995261042799242, 0.1900456174649723, 0.22277672023003092, 0.24474656011158558, 0.24181686702909114, 0.2403563078435744, 0.26036825527487667, 0.26625050733709477, 0.3014125408013354, 0.33267879702514674, 0.36395934443472644, 0.3927646584692426, 0.41230070941446156, 0.4250055735624496, 0.44406715714016226, 0.45675915922095894, 0.4645821543105075, 0.4816829872008141, 0.4743401759530792, 0.48607609770597887], "2": [0.2378384867349214, 0.5231740151943887, 0.7053574797208073, 0.7821097220078546, 0.8471146095933871, 0.8594227504244483, 0.858249729896589, 0.8781756443895663, 0.8869304247912059, 0.9033184133353913, 0.9021608272881618, 0.9279329800552212, 0.9402274013479447, 0.946684159078047, 0.9308672463171614, 0.9232906312702578, 0.9233163554046406, 0.9326730805508394, 0.9262163228207371, 0.9361509835194045], "3": [0.24567024708507443, 0.5495761234301132, 0.7084093148043347, 0.7692659475341989, 0.8060543179388681, 0.8304331753680932, 0.8548558591003412, 0.8675607232483293, 0.8818890660995925, 0.8919738795233985, 0.8874502428548836, 0.9108372919917911, 0.9134468625130763, 0.9241719210593007, 0.9264442195964551, 0.9378362001451984, 0.9443586973298347, 0.9430467664763081, 0.9372121516999843, 0.9411136454147209]}, "group_train_acc_std": {"1": [0.0, 0.0, 0.0, 0.0, 0.0, 0.0, 0.0, 0.0, 0.0, 0.0, 0.0, 0.0, 0.0, 0.0, 0.0, 0.0, 0.0, 0.0, 0.0, 0.0], "2": [0.0, 0.0, 0.0, 0.0, 0.0, 0.0, 0.0, 0.0, 0.0, 0.0, 0.0, 0.0, 0.0, 0.0, 0.0, 0.0, 0.0, 0.0, 0.0, 0.0], "3": [0.0, 0.0, 0.0, 0.0, 0.0, 0.0, 0.0, 0.0, 0.0, 0.0, 0.0, 0.0, 0.0, 0.0, 0.0, 0.0, 0.0, 0.0, 0.0, 0.0]}, "group_val_acc_mean": {"1": [0.0867446393762183, 0.11306042884990253, 0.11013645224171538, 0.1267056530214425, 0.19688109161793368, 0.2573099415204678, 0.2807017543859649, 0.2826510721247563, 0.28654970760233917, 0.304093567251462, 0.36549707602339176, 0.40155945419103306, 0.4161793372319688, 0.42300194931773877, 0.43664717348927873, 0.44346978557504874, 0.4580896686159844, 0.4600389863547758, 0.4678362573099415, 0.47855750487329435], "2": [0.21871345029239767, 0.583625730994152, 0.647953216374269, 0.6900584795321636, 0.7040935672514619, 0.7274853801169592, 0.7578947368421052, 0.7625730994152047, 0.7532163742690058, 0.7625730994152047, 0.7707602339181286, 0.7801169590643274, 0.7812865497076023, 0.7953216374269005, 0.7894736842105263, 0.7719298245614035, 0.7859649122807018, 0.7988304093567251, 0.8105263157894737, 0.7883040935672515], "3": [0.24041585445094216, 0.5464587394411956, 0.6718648473034439, 0.714100064977258, 0.742040285899935, 0.7589343729694606, 0.7686809616634177, 0.7738791423001949, 0.7823261858349578, 0.7797270955165692, 0.783625730994152, 0.7933723196881091, 0.787524366471735, 0.7875243664717348, 0.797270955165692, 0.7979207277452892, 0.8050682261208577, 0.815464587394412, 0.7927225471085121, 0.7959714100064976]}, "group_val_acc_std": {"1": [0.0, 0.0, 0.0, 0.0, 0.0, 0.0, 0.0, 0.0, 0.0, 0.0, 0.0, 0.0, 0.0, 0.0, 0.0, 0.0, 0.0, 0.0, 0.0, 0.0], "2": [0.0, 0.0, 0.0, 0.0, 0.0, 0.0, 0.0, 0.0, 0.0, 0.0, 0.0, 0.0, 0.0, 0.0, 0.0, 0.0, 0.0, 0.0, 0.0, 0.0], "3": [0.0, 0.0, 0.0, 0.0, 0.0, 0.0, 0.0, 0.0, 0.0, 0.0, 0.0, 0.0, 0.0, 0.0, 0.0, 0.0, 0.0, 0.0, 0.0, 0.0]}}