{"group_train_loss_mean": {"1": [0.7406588792800903, 0.7174982229868572, 0.7176145911216736, 0.7141947944959005, 0.7126497626304626, 0.7116552392641703, 0.7101017832756042, 0.7094611128171285, 0.70715860525767, 0.7044394413630167, 0.7022384802500408, 0.7004502216974894, 0.6994838118553162, 0.6944544514020283, 0.6932881474494933, 0.6838159362475077, 0.6829348603884379, 0.6758606433868409, 0.6682043075561523, 0.6584906180699666], "2": [2.189672986666362, 2.0689557790756226, 2.01702602704366, 1.955275853474935, 1.9044319788614907, 1.8475803534189859, 1.7855852842330933, 1.7647690773010254, 1.7068178256352744, 1.6669625838597615, 1.647904872894287, 1.6173671086629233, 1.5875735680262246, 1.5604363679885864, 1.53848926226298, 1.5202118555704753, 1.5097206830978394, 1.4980891942977905, 1.4833426872889202, 1.4644380807876587], "3": [2.232763701015049, 2.1163512998157077, 2.04174009958903, 1.9967937999301488, 1.9401455057991877, 1.8982815212673607, 1.8522750006781685, 1.8257650269402397, 1.7793532874849107, 1.7474090258280437, 1.714605490366618, 1.6683186690012615, 1.6380430062611897, 1.6246921618779504, 1.5988436804877388, 1.5659601026111176, 1.5524268945058186, 1.5340183973312378, 1.5166093905766804, 1.5041745371288726]}, "group_train_loss_std": {"1": [0.005736057606399069, 0.003385595085180564, 0.0027387371611733435, 0.0019625710729302506, 0.002453257404534636, 0.0013068918604389078, 0.0008805840027274087, 0.002046394038006502, 0.0010800933052314543, 0.0014550168376305437, 0.0010914877790988127, 0.0011737472141520352, 0.0009396183758256869, 0.0033819419122785794, 0.0034922536631870615, 0.004616162338250298, 0.0031103670656084793, 0.004312039720106295, 0.005278859216260747, 0.00943497211237847], "2": [0.010839773311075454, 0.04480211434888499, 0.03102783645511219, 0.03954200232727379, 0.03791445611697259, 0.0560492887992178, 0.04799398070136985, 0.06617786745548987, 0.05344367447030453, 0.06674778784362702, 0.07869339617027825, 0.05433849053311688, 0.057804554429282666, 0.040568261236726154, 0.036752919604129165, 0.02863910396529323, 0.032972999841098576, 0.026547432616324206, 0.039614933831348474, 0.02242245036083911], "3": [0.015357520915566698, 0.018155501274816025, 0.03387337851297506, 0.03633590109078186, 0.042221293902518185, 0.0463956119298041, 0.047602391386939794, 0.04293933801290202, 0.04805796203935385, 0.04653401032049653, 0.04773327469587193, 0.04527249115499098, 0.039129371143615206, 0.03747042387211511, 0.03923116252761434, 0.03820359065117007, 0.02839542189027874, 0.02825868602052408, 0.021810182165278618, 0.01903624315933342]}, "group_val_loss_mean": {"1": [4.311694739854824, 4.298875294930753, 4.292768101246036, 4.288156895609627, 4.284104697188439, 4.280253802823742, 4.276471038310849, 4.272722454098931, 4.268965781780711, 4.265198395963301, 4.26138162473489, 4.2574564406746305, 4.253379717904922, 4.249174357157702, 4.244763869988291, 4.240051885794478, 4.235049879341795, 4.229512622481899, 4.223321419013174, 4.216373113860861], "2": [12.840199420326634, 12.806060091096757, 12.823120390462597, 12.806346187814635, 12.770256562539707, 12.70390750929626, 12.623730080866673, 12.563480603067498, 12.503535340403953, 12.415351282086288, 12.283113118500737, 12.15318589043199, 12.06373621845803, 11.91375462214152, 11.765265653007908, 11.581144777654904, 11.449171738317835, 11.300030501962405, 11.102567547246029, 10.863222099884212], "3": [12.94312402751246, 12.890776276356062, 12.865387272881252, 12.814579595134504, 12.781312053431314, 12.729786688356604, 12.654302156924272, 12.570243745287028, 12.485028946376453, 12.423617651123285, 12.367248779151872, 12.254922738549306, 12.146428306665106, 11.983928903966387, 11.866644331818668, 11.758407462177686, 11.624587955530624, 11.475796631669906, 11.238066501784742, 11.045873158624067]}, "group_val_loss_std": {"1": [0.012931043145903388, 0.012366439332590162, 0.012130373801746204, 0.012069425132263736, 0.011919140128544529, 0.011770645216062808, 0.011661468140233444, 0.011534121853165, 0.011394207452624342, 0.011253817674878572, 0.011100445398738832, 0.010956081205712108, 0.01082752477729413, 0.010668765918184742, 0.010489219145919423, 0.010322006541987118, 0.01013624601955343, 0.00997545272297781, 0.009775061898162038, 0.009517644448409265], "2": [0.13044156541348803, 0.06393845548588477, 0.08468065557224083, 0.08447825417393354, 0.0799234937805244, 0.05929982428086048, 0.07285300856545554, 0.1286611678755022, 0.21109799745555047, 0.21550625613470945, 0.23452634830226574, 0.33913099607743624, 0.3743703015251191, 0.4325762988546179, 0.4464493854289288, 0.4464224348346566, 0.4091262593164145, 0.3293588320833584, 0.289322700201064, 0.342228217927449], "3": [0.07148025981560464, 0.056292143437537696, 0.06753274385569843, 0.07864632190885348, 0.08842453842229249, 0.14010501197919947, 0.19105313804583124, 0.2504438036865915, 0.2889454733554711, 0.2893948489954238, 0.25544688023160267, 0.25760342093993316, 0.26766066832080543, 0.3288931301891385, 0.301700805251258, 0.2881509101937897, 0.28201252024401696, 0.27690074284919675, 0.2678438373039809, 0.22176815789206508]}, "group_train_acc_mean": {"1": [0.03515625, 0.0234375, 0.01953125, 0.0625, 0.10546875, 0.09375, 0.12890625, 0.10546875, 0.16796875, 0.2578125, 0.26953125, 0.25390625, 0.23828125, 0.28515625, 0.25390625, 0.30859375, 0.23046875, 0.2421875, 0.29296875, 0.26953125], "2": [0.015625, 0.1953125, 0.28515625, 0.37890625, 0.47265625, 0.5390625, 0.60546875, 0.6171875, 0.73828125, 0.74609375, 0.77734375, 0.81640625, 0.859375, 0.890625, 0.89453125, 0.9453125, 0.9375, 0.93359375, 0.94140625, 0.94921875], "3": [0.0234375, 0.19661458333333334, 0.3203125, 0.40234375, 0.4921875, 0.54296875, 0.6028645833333334, 0.65625, 0.703125, 0.7513020833333334, 0.7630208333333334, 0.8190104166666666, 0.8528645833333334, 0.8502604166666666, 0.87109375, 0.9049479166666666, 0.9049479166666666, 0.9153645833333334, 0.9296875, 0.9427083333333334]}, "group_train_acc_std": {"1": [0.02561499423555469, 0.013531646934131853, 0.017026948998205758, 0.05524271728019903, 0.06477782793662891, 0.03314563036811941, 0.04863242030464349, 0.0534171653561615, 0.06754537681949446, 0.08156489460086368, 0.04470907477445155, 0.03000447557761175, 0.06754537681949446, 0.04736076426946149, 0.03886669676197734, 0.04605400829121717, 0.057807221042768524, 0.052407843222651324, 0.040406564190580474, 0.060892411203593344], "2": [0.015625, 0.13372845912987258, 0.07192168999813268, 0.054547812670972425, 0.054547812670972425, 0.07851465329000695, 0.058853590520778765, 0.09663528810041391, 0.03886669676197734, 0.06477782793662891, 0.09966680329822714, 0.04736076426946149, 0.06536406457297465, 0.019136638615493577, 0.03000447557761175, 0.0078125, 0.034938562148434216, 0.03000447557761175, 0.03382911733532964, 0.052262063126014266], "3": [0.02255274489021976, 0.08710343854335711, 0.06644453553215142, 0.05954095502694623, 0.06298638865858242, 0.05954095502694623, 0.07058925087723854, 0.071602745233685, 0.05487319662944135, 0.051213438644002955, 0.055181302344836175, 0.053162644954670844, 0.042532507737138216, 0.048771668750854286, 0.04987166146407697, 0.048352720384445685, 0.03904079257959622, 0.029548973223724524, 0.0358013726168425, 0.036271844471833646]}, "group_val_acc_mean": {"1": [0.02046783625730994, 0.07017543859649122, 0.07017543859649122, 0.07894736842105263, 0.097953216374269, 0.097953216374269, 0.097953216374269, 0.097953216374269, 0.097953216374269, 0.097953216374269, 0.13596491228070173, 0.1286549707602339, 0.15058479532163743, 0.16520467836257308, 0.16666666666666666, 0.16374269005847952, 0.16374269005847952, 0.1695906432748538, 0.20175438596491224, 0.22807017543859648],