{"group_train_loss_mean": {"1": [4.168624699115753, 4.151047656933467, 4.108923325936, 4.016400138537088, 3.8266842166582746, 3.578917404015859, 3.316018501917521, 3.081450005372365, 2.8524494767189026, 2.699203630288442, 2.5417324205239615, 2.4238127966721854, 2.2700005918741226, 2.151358669002851, 2.066898450255394, 1.9675833831230798, 1.9147636493047078, 1.8931823074817657, 1.7879456530014675, 1.7686474124590554], "2": [12.633535146713259, 11.097204208374023, 10.081931273142496, 9.506821870803833, 9.104866941769918, 8.728481411933899, 8.473397334416708, 8.11132150888443, 7.830206672350565, 7.56535792350769, 7.400650540987651, 7.369664132595062, 7.125800331433614, 6.798265655835469, 6.562049408753713, 6.350793103377024, 6.177649815877278, 6.064601858456929, 5.952517966429393, 5.933252652486166], "3": [12.700379053751627, 11.218583650059172, 10.357448763317533, 9.782915472984316, 9.289751436975267, 8.867175671789381, 8.509247316254509, 8.22760656144884, 7.9452027678489685, 7.767554945415921, 7.531372606754303, 7.297394911448161, 7.084209991825951, 6.865482866764069, 6.668508443567489, 6.548341419961717, 6.361574643188053, 6.192546837859683, 6.083652681774563, 5.9427498777707415]}, "group_train_loss_std": {"1": [0.05057362356490748, 0.04626857422266367, 0.041720776731503026, 0.02705721005138573, 0.02957681232876214, 0.05663637775293985, 0.10620624838093973, 0.09946129047417472, 0.036496181827667916, 0.04360395011314328, 0.03848020068079373, 0.04827060162291299, 0.06642954958019677, 0.06441180561599653, 0.1117469293456423, 0.0992930036330507, 0.07292155625641107, 0.055667112429253894, 0.0473539350197914, 0.05381457939152118], "2": [0.10623286586130706, 0.3969828162501411, 0.38465515198379097, 0.34867793406715103, 0.2492865506758463, 0.08015421418381379, 0.07118135531021032, 0.1171851078076818, 0.10039986757792586, 0.07719197067304291, 0.0998280505358246, 0.15893011770802173, 0.10838239886255097, 0.04039495734940763, 0.04932238496902638, 0.041896958968705086, 0.05982097716257101, 0.08865422647585522, 0.07838160505781441, 0.10877905385770074], "3": [0.09794670868379085, 0.2673411091906747, 0.2568597189233358, 0.24338486192634923, 0.2018503473056964, 0.21078244912128366, 0.1631762424340266, 0.15308709399600812, 0.13500071949512352, 0.12006213005313467, 0.12103644081719266, 0.09073943977200202, 0.09634180023005398, 0.08581486311681688, 0.060051247206575134, 0.06829543326687401, 0.05747561085543552, 0.09181855415577958, 0.11128282530392862, 0.16949919223377174]}, "group_val_loss_mean": {"1": [4.294473123132137, 4.268041316528766, 4.248646458687141, 4.226531379404124, 4.1859649203674145, 4.066393546193664, 3.7429401675860086, 3.2705107704240675, 2.9306927797390006, 2.757583905730331, 2.5890809036137763, 2.4412299638603168, 2.3262638149902832, 2.1988651480591086, 2.079458553888644, 2.006001525455051, 1.946389761584544, 1.8779161241319444, 1.8367860373000655, 1.7876792206750278], "2": [12.634949629766899, 11.662292242050171, 10.92880324174089, 10.488085757919222, 9.98075274556701, 9.646535704707542, 9.177882544478479, 8.79087397787306, 8.620394335852728, 8.425518413733322, 8.178083155587403, 7.845628794173749, 7.607332156415572, 7.526017159746405, 7.266909665531582, 7.1034516277369, 6.960374146177057, 6.776183587068703, 6.6088104464157285, 6.609335881227638], "3": [12.620768989968253, 11.743939653474685, 11.174344760400276, 10.665504337054246, 10.16235620236536, 9.711803544566878, 9.262108526731792, 8.88674102749741, 8.492728202663665, 8.32180333881118, 7.9939593606525, 7.7621526032628125, 7.601585294303373, 7.424285573336582, 7.229866764234056, 7.074265039919877, 6.881055630438509, 6.7503020603057236, 6.606502035672669, 6.521696856379741]}, "group_val_loss_std": {"1": [0.010790417059676635, 0.010957636618069387, 0.01231230472648917, 0.013843394454635574, 0.014404236969868986, 0.013119547467529823, 0.029466825209265895, 0.049371480003722504, 0.06464474405313565, 0.07135469735257717, 0.06471017791750523, 0.09293207368893128, 0.10208043647961998, 0.15786119106720958, 0.13468786777952071, 0.1130600393666344, 0.1078232492696266, 0.11009399913499815, 0.10248225709494689, 0.08645028128596655], "2": [0.1320931744442716, 0.4815398326314141, 0.5530297200570409, 0.4719530624171846, 0.36603433504185445, 0.3542134205366893, 0.3706012165486541, 0.3843405078240473, 0.224882967778543, 0.2349440770126251, 0.2799208514490247, 0.279844254222946, 0.17999358209709865, 0.1049854451435441, 0.1760590847522482, 0.1755013976253385, 0.14843160933024818, 0.13552541719515065, 0.16465607374929872, 0.15814664448542615], "3": [0.2557345112567766, 0.4797719424471819, 0.3738515343653331, 0.32345642057198, 0.3226517831419684, 0.2953567830112916, 0.2813731209340311, 0.2031667906913799, 0.20903125090196073, 0.17150669116414125, 0.17074692585308637, 0.1621737452151971, 0.15643856634518877, 0.14054913839235555, 0.1156591074079098, 0.08398407813885761, 0.14147698409856446, 0.13754497255667683, 0.14802395313527023, 0.16422149783928672]}, "group_train_acc_mean": {"1": [0.16691318962116922, 0.19985937473204027, 0.24455077086656035, 0.24306734578381436, 0.24084435183756067, 0.25549210269074446, 0.27159969817015656, 0.2942840973401245, 0.3228271681157929, 0.34478700416730973, 0.34698856133491107, 0.3748199310593199, 0.4180086090103068, 0.42825967656188374, 0.4487682426986332, 0.45827974138670236, 0.4714462108350054, 0.47802944555915694, 0.487558093670148, 0.5036421086930425], "2": [0.17302052785923752, 0.4472140762463343, 0.6825513196480939, 0.7551319648093842, 0.7873900293255132, 0.8379765395894428, 0.841642228739003, 0.8614369501466276, 0.9017595307917888, 0.9208211143695015, 0.9134897360703812, 0.8717008797653959, 0.8914956011730205, 0.9420821114369502, 0.9545454545454546, 0.968475073313783, 0.9714076246334311, 0.9596774193548387, 0.9472140762463344, 0.9208211143695015], "3": [0.23038820577020913, 0.5225486329051695, 0.6853545357365393, 0.7400519055867104, 0.7876401250764579, 0.8125425162776606, 0.8398822692116411, 0.8613447719984221, 0.8833124682021115, 0.8796489227304168, 0.886724488804285, 0.9067564438956629, 0.9082270069112175, 0.9326377813219917, 0.9380026924593986, 0.9370230316749842, 0.9438477874386194, 0.9506882635065996, 0.9411603299548968, 0.9430896400336127]}, "group_train_acc_std": {"1": [0.02645455131109689, 0.02362392842971662, 0.035227934904499714, 0.014997170345217886, 0.0076979573623635455, 0.018138154869666443, 0.017049762621010992, 0.013666998013582623, 0.009103067666582422, 0.01754599520798632, 0.007975672117809895, 0.0038464743751962685, 0.012469365631555589, 0.007667859912782988, 0.018991412540348328, 0.006863834253237957, 0.013450054713261656, 0.014672686080377804, 0.014071758573120615, 0.029647564521051467], "2": [0.01451538847010508, 0.08920211832407704, 0.05961001186320685, 0.052315433357511064, 0.0385995500911677, 0.004337301893768043, 0.012267742324546551, 0.015706954021721797, 0.018604952405351188, 0.01645890346088247, 0.021298884232161232, 0.03969113690216765, 0.024093367632192036, 0.019493747507783512, 0.017777647585017823, 0.010445606194116564, 0.01250639450823458, 0.023857976679285915, 0.027116190628895816, 0.034261939723014445], "3": [0.032514234443063124, 0.07587168822412414, 0.04393616629339818, 0.030975610061043875, 0.03468499241611917, 0.044799054597311205, 0.031349076327792116, 0.03622218816332247, 0.029238482640960427, 0.0302257282569261, 0.03221911013771904, 0.024865916418711224, 0.0276057343622793, 0.021926583857281544, 0.01468198407502459, 0.02366852027023627, 0.025792338555195866, 0.02681092340367747, 0.03401422622963022, 0.043261058314285096]},