{"group_train_loss_mean": {"1": [3.78994815548261, 3.2334294915199284, 2.7122105161348977, 2.5674678683280945, 2.4808145562807717, 2.433356483777364, 2.3739164372285204, 2.321244021256765, 2.297408252954483, 2.2292828708887105, 2.2047139207522077, 2.153289477030436, 2.1214216897885003, 2.0784198691447577, 2.0571097632249193, 2.029114603996277, 1.9913346022367477, 1.9623832205931346, 1.9571024179458618, 1.9270573556423187], "2": [4.178451746702194, 3.3379122614860535, 2.7523981233437858, 2.4007113526264825, 2.266166577736537, 2.1668446461359663, 2.1177760312954583, 2.1154652088880543, 2.0560712963342667, 2.0461917022864027, 2.0042519569396973, 1.9721183429161708, 1.9476485401391983, 1.9447424163420997, 1.9050280004739761, 1.893734479943911, 1.8901489078998566, 1.891234631339709, 1.8444975266853967, 1.8270179678996405], "3": [3.921842469109429, 2.8075928638378778, 2.277332815859053, 2.1474790655904346, 2.0437214771906533, 1.9805432938867142, 1.908313540948762, 1.855391267273161, 1.790994804766443, 1.7462336421012878, 1.6869420707225802, 1.6478554225630229, 1.6123664875825245, 1.5820660144090652, 1.541024731265174, 1.490196168422699, 1.4686923225720723, 1.4587404347128337, 1.424368333485391, 1.4024292197492387]}, "group_train_loss_std": {"1": [0.030820645459542412, 0.03113383926906631, 0.06263619406758134, 0.028155812631979363, 0.0349930763483348, 0.0536157092543908, 0.03412481799133013, 0.0591874361786835, 0.04235411332813747, 0.05368955669036921, 0.03535560212354754, 0.05108320187101947, 0.07604677085638308, 0.07143295920614173, 0.07480024756423177, 0.05249370104310026, 0.06010990028004595, 0.05542084398073929, 0.04423484836669545, 0.07019111581704507], "2": [0.08683513686710359, 0.13543882152779832, 0.1444953951596605, 0.13977206143551169, 0.12142444546224129, 0.1359453780407648, 0.11724594047299663, 0.11399692051118337, 0.11002238251072671, 0.09013528636568001, 0.1100367759028625, 0.08384185772952049, 0.10299077639051503, 0.1052722123457166, 0.0997141872060749, 0.11417196160953602, 0.09655927563366143, 0.0768363382401392, 0.06578212981364559, 0.0904066023597482], "3": [0.05196278748823021, 0.20759171681715152, 0.1866954908059577, 0.14877492569925085, 0.13688322008181053, 0.11715329571207062, 0.11886020437719785, 0.11572088791011481, 0.11232278789767733, 0.11754563172007387, 0.10497016619736921, 0.1100534956498424, 0.10413035461248808, 0.10646076906681308, 0.09954206118307063, 0.10353300561661029, 0.10163836402983525, 0.09848235365693644, 0.10266262735044376, 0.10633060931653311]}, "group_val_loss_mean": {"1": [55.09062828376279, 908.8456003289473, 4267.588176169591, 8612.529970760233, 11352.630116959064, 13131.273391812865, 13791.099597953216, 13275.030884502925, 12594.407346491227, 11655.335891812865, 10532.044407894737, 9707.787828947368, 8728.360562865497, 8242.646929824561, 7988.349780701754, 7795.144005847953, 7326.483095760234, 6994.770376461989, 6689.963633040936, 6206.555372807018], "2": [19359.72905244883, 12742.362230445906, 16343.757675438595, 54060.40935672515, 164118.9239766082, 230123.78362573095, 244954.4561403509, 252529.1520467836, 246645.3859649123, 244662.34210526315, 240112.4619883041, 219001.69883040932, 213584.6023391813, 202020.71345029242, 195471.01754385963, 188323.65204678362, 188992.91812865497, 186036.68128654972, 169169.02631578947, 166644.6783625731], "3": [18008.54463823404, 22714.677905701756, 23801.16575292398, 72627.48927875243, 223830.74658869396, 278841.58284600393, 327449.5360623782, 381840.164717349, 351458.11208576994, 344682.0711500975, 330916.4892787524, 287124.2329434697, 343787.52826510713, 300365.9931773879, 301771.39083820663, 356937.048245614, 249020.90253411306, 279340.037037037, 280123.2548732944, 262134.37768031188]}, "group_val_loss_std": {"1": [6.251357862624951, 54.15212546241156, 100.06474662356848, 587.5935618212593, 1068.075768547945, 1165.3462634245238, 1279.2612981711652, 1267.2196106926153, 789.9656821742531, 748.983538577587, 732.880455987139, 718.2439738552985, 738.4255205438149, 688.6935578149206, 665.1968588570073, 711.799630817666, 761.1495077491217, 618.8978515482394, 655.1196513512392, 535.2830578107076], "2": [25508.869538130806, 13586.018109836737, 10206.688985341336, 18365.63303686426, 24530.721189835207, 18594.94445587902, 25536.830158149616, 24339.59569955206, 31920.84615644382, 38468.71078788107, 49354.801504229246, 36643.96626188313, 33136.34190538012, 37854.29840049874, 34520.27243550536, 35674.94568666856, 36739.90327654913, 36086.714784603326, 31950.458349050863, 35510.83699678503], "3": [32849.89647957335, 41964.424298612495, 24334.747362825394, 55666.33397855953, 203920.35153597718, 196132.75600634943, 300869.44830819377, 446900.70270825643, 416618.76745272684, 378341.8013189051, 369056.64654857095, 270121.29275420535, 442652.573645634, 353488.3950537925, 376505.1082526527, 507419.22927911737, 307694.2595286934, 354486.7104921064, 353007.64644807874, 360157.2434765315]}, "group_train_acc_mean": {"1": [0.28328274253571367, 0.27085584195091833, 0.25109113203340705, 0.2532905455231431, 0.25549210269074446, 0.26501646344600505, 0.2723499854229905, 0.2789310764692768, 0.28111762789182143, 0.3045158717909142, 0.29576752242287047, 0.31256752585275505, 0.3316269657526024, 0.335296942257893, 0.3264950009432182, 0.3499082505873677, 0.35211838246642996, 0.35943046766476305, 0.3682174032343812, 0.38140530946133666], "2": [0.3086510263929619, 0.41642228739002934, 0.44281524926686217, 0.4472140762463343, 0.43768328445747795, 0.42741935483870963, 0.43328445747800587, 0.4318181818181818, 0.45381231671554256, 0.4611436950146628, 0.4538123167155425, 0.45454545454545453, 0.47214076246334313, 0.46994134897360706, 0.48900293255131966, 0.47653958944281527, 0.4838709677419355, 0.4838709677419355, 0.4963343108504399, 0.4868035190615836], "3": [0.38759696569543767, 0.4374260431136492, 0.41300240663568344, 0.41886179280067215, 0.46794201208462666, 0.4803681981101337, 0.48721439065242117, 0.5038028845329355, 0.5184499208268311, 0.5333484819902478, 0.5535976631053032, 0.5487229396397478, 0.5611534130209853, 0.5740962254120149, 0.5789788090297429, 0.596066779852858, 0.5928726998336507, 0.6068173243470358, 0.6092489696055062, 0.6241289522274244]}, "group_train_acc_std": {"1": [0.04906285691436783, 0.021685159098916003, 0.023323537806918353, 0.01989164641431138, 0.030158885141723664, 0.02467242317247527, 0.036486428534672356, 0.026158650570283087, 0.025106658882354322, 0.0300075438788805, 0.0327039956005785, 0.028768131633106424, 0.02219569734520247, 0.01175556196427256, 0.023960111034266908, 0.02681721714531262, 0.019278229721715213, 0.013601597370712773, 0.017142583627692092, 0.011560422644652641], "2": [0.01702080171003503, 0.025982470889544505, 0.02695715001590945, 0.05235651340573938, 0.053125941391473065, 0.061141233591109456, 0.04425019769302809, 0.05239243202552161, 0.04657012452538782, 0.042868193272855466, 0.04986954196980166, 0.037267639375773695, 0.04604198964254421, 0.04939303596100137, 0.04331721773232388, 0.04302463563378653, 0.03457427015411025, 0.042949614416061016, 0.04502087131332561, 0.06313504440355129], "3": [0.020621048829921683, 0.043610170630572535, 0.05314284427229648, 0.030410009488924306, 0.051120870228547305, 0.0424284777689321, 0.038382247289296914, 0.035628849188227424, 0.032558574301244946, 0.04447268551566555, 0.031368804627427985, 0.04179393632923061, 0.032845785627055715, 0.038136797135163825, 0.03119853693996189, 0.03567776414719619, 0.040598460647196605, 0.04056957507390362, 0.0296034738189229, 0.036205886595900794]}, "group_val_acc_mean": {"1": [0.26169590643274854, 0.26169590643274854, 0.26169590643274854, 0.26169590643274854, 0.26169590643274854, 0.26169590643274854, 0.2763157894736842, 0.27192982456140347, 0.28654970760233917, 0.30116959064327486, 0.27485380116959063, 0.3084795321637427, 0.3230994152046784, 0.3216374269005848, 0.3070175438596491, 0.3421052631578947, 0.32456140350877194, 0.337719298245614, 0.3494152046783625, 0.36111111111111105],