{"group_train_loss_mean": {"1": [3.8111095825831094, 3.202252480718825, 2.6711321440007953, 2.5440456204944186, 2.464393648836347, 2.4279480973879495, 2.391855325963762, 2.355754269493951, 2.323066496186786, 2.2852775818771787, 2.26199373934004, 2.2363930212126837, 2.1956690318054624, 2.1625218126508927, 2.1335938142405615, 2.090677281220754, 2.08109054962794, 2.030670748816596, 2.0268234544330173, 1.9917276733451421], "2": [4.236740907033285, 3.2226157108942672, 2.6803923924763997, 2.3356794079144794, 2.1677949150403344, 2.078213091691335, 1.9963793516159054, 1.9703799406687417, 1.9289396564165748, 1.8890898187955218, 1.8581583023071289, 1.8348479986190795, 1.824600692590078, 1.7897397677103677, 1.7541186809539795, 1.7453729271888734, 1.7162043611208595, 1.7054998874664307, 1.7144815762837726, 1.658964701493581], "3": [3.9454600899307812, 2.6890433408595897, 2.133140411641863, 1.9839141457169147, 1.934114791728832, 1.8525432017114427, 1.7830581046916822, 1.7251125441657171, 1.6723656477751556, 1.6259630521138508, 1.5894508604650146, 1.5370792349179585, 1.4923870872568201, 1.454884319393723, 1.418278557282907, 1.3998088240623474, 1.377070548357787, 1.3411746312070776, 1.2939551031147993, 1.2898203222839921]}, "group_train_loss_std": {"1": [0.05104495451486228, 0.1184015402645834, 0.11097152587469906, 0.11717361299288107, 0.08344121320491525, 0.08251194883246812, 0.06469332166311369, 0.0510381442230992, 0.05987286094948231, 0.06347928753517039, 0.025497134235277715, 0.03553779481969508, 0.04146472312291358, 0.05962168223749913, 0.034078481264285566, 0.028697887642095347, 0.062146917696571755, 0.042520331667818344, 0.054841547496467614, 0.05337287194145665], "2": [0.062212572879135945, 0.1082473861511889, 0.10033590601256012, 0.12996426534469835, 0.11545993919121315, 0.09073174341709474, 0.08639513996796754, 0.12492709433103419, 0.08302725366647021, 0.10086062331017931, 0.10006886467122961, 0.1054689655759634, 0.0850604107235089, 0.12177438461576677, 0.08102186962680535, 0.0598185924562293, 0.0798187579449705, 0.0806542348113055, 0.07980946969816784, 0.10543582883718913], "3": [0.11566487927036899, 0.1840444145925572, 0.1446573944007208, 0.14912978923480308, 0.1482491262873322, 0.160515573886519, 0.14107490980613496, 0.1147931235980665, 0.11286942879871403, 0.1237782729864808, 0.12142947038117521, 0.10954473843034344, 0.11547809732464479, 0.10362171079789617, 0.12055253011129773, 0.08297734017991204, 0.10933935146384498, 0.11117101101234786, 0.10321319024438004, 0.10684529531556873]}, "group_val_loss_mean": {"1": [52.786694859435926, 829.8753198099415, 4040.0110258284603, 8357.524488304094, 11024.955043859649, 13125.43835282651, 13876.361963937621, 13799.370004873294, 13125.534356725148, 12582.760721247563, 11715.655092592593, 11091.924951267056, 10291.0421539961, 9608.467470760233, 8905.264132553606, 8488.147660818713, 8178.061342592594, 7680.982151559455, 7114.621771442496, 6879.828581871345], "2": [5186.839875730994, 8323.707821637427, 19517.172076023395, 71449.53567251463, 208533.72631578945, 321560.2619883041, 298390.50292397663, 326673.0339181287, 261477.32397660823, 235719.35906432747, 265480.06081871345, 295472.34853801166, 255173.76842105263, 245565.62573099416, 241657.9578947368, 232064.33684210526, 237016.12631578947, 218896.93801169592, 227771.97660818713, 203251.79883040933], "3": [15552.09181083496, 31601.43372319688, 32738.60103963613, 70086.2582846004, 158358.63547758284, 218147.3151397011, 210911.53606237817, 182485.6023391813, 194085.9883040936, 189118.75113710202, 167080.56530214424, 171948.16634178036, 164814.2547108512, 155787.85834957764, 149227.33463287848, 146007.7751786875, 135926.4294996751, 128919.05003248864, 132401.64847303444, 132254.76283300846]}, "group_val_loss_std": {"1": [5.584999502985218, 103.845047839824, 426.4850562670294, 676.8149119454532, 1119.540280136506, 1783.2477855893655, 2232.649247482697, 2201.7099549647087, 2173.817654535634, 1831.1439222210581, 1842.1900923463734, 1518.8020729875093, 1324.8061586449787, 1244.4886875704394, 1120.0976383778502, 1156.524481906804, 1204.0464105796166, 1076.7702239042467, 919.2282155965969, 1299.89752674253], "2": [4237.2009388247625, 4612.49995022519, 7868.053359676113, 12876.05638836221, 43000.62834403181, 135327.19835730502, 78817.73469089868, 126936.58008104097, 58024.813446707274, 51948.34032874736, 96268.94093450488, 147965.96418047076, 84921.90971259831, 94325.50266215028, 118265.25726912783, 115947.98638363704, 106349.38732085197, 78955.6126660732, 108780.4332021328, 66146.54915215507], "3": [29164.620076576753, 64343.23221761294, 45356.785420340624, 42933.15359577001, 35449.342062519776, 64714.17616438706, 47032.850104012134, 36272.63426880306, 51746.98923210641, 47124.26837819912, 28663.644543141538, 44867.77644871392, 51840.509303590974, 43703.39781463863, 46068.14688193571, 54004.258733817966, 42945.33146194764, 37475.819687615774, 47071.47479918276, 57647.85596931008]}, "group_train_acc_mean": {"1": [0.2740777897823738, 0.2691930624867806, 0.2608713050139196, 0.2584275122475462, 0.2686900127477377, 0.26771392475976513, 0.2750410157031549, 0.26917591306385874, 0.2862738877170116, 0.2784537508646167, 0.29556458758496107, 0.2965349590986263, 0.3102116238788564, 0.32487152223994326, 0.3273067402948557, 0.3331818467641897, 0.33708619871607987, 0.3522148479703658, 0.3512258979152018, 0.33805942846689874], "2": [0.3180926411826242, 0.4054089279895732, 0.4452298880142683, 0.46047915487643837, 0.4698718938107733, 0.45812968393613557, 0.48099672446022196, 0.48977379911165986, 0.49151961036511127, 0.5114969731268543, 0.5220318636277889, 0.5138001406252679, 0.5231877347327262, 0.5255252010769838, 0.5389857831283977, 0.5378093327159541, 0.5401673783677179, 0.554228190221399, 0.5483682324089794, 0.5436727204129581], "3": [0.3973302159493444, 0.45327449175779677, 0.46108795939016645, 0.46174344844407095, 0.5020807966478595, 0.5235585433661268, 0.520294436536655, 0.5476572935542942, 0.5557956474764624, 0.5769189727876768, 0.5753116907616058, 0.5938559334145074, 0.60980108574902, 0.6260606441704348, 0.6306223906676651, 0.6328899254762299, 0.6289960537272364, 0.6475526820744705, 0.6706415218016804, 0.6537379072749757]}, "group_train_acc_std": {"1": [0.027755318809532397, 0.04659599576279552, 0.03702783562612873, 0.03227970208699367, 0.03993688606274832, 0.030689302670185943, 0.013136615063899727, 0.016732503389158312, 0.007358555421568832, 0.022170441398267945, 0.017126895697639123, 0.022846235760801886, 0.01630243493673545, 0.009063555756436213, 0.01864509337294846, 0.01847607497409815, 0.012168178908493034, 0.031096297218096737, 0.024296557860123, 0.029300238838551075], "2": [0.01897381926447441, 0.013865819723920704, 0.02897112350749614, 0.03980956237307743, 0.034448469583088386, 0.023673741343034075, 0.03456106628943371, 0.04852682559365295, 0.03615359814237075, 0.05828768316151473, 0.060249384875496456, 0.04891581297512693, 0.05146190943771873, 0.04696977372830606, 0.03618116854565473, 0.03255043984849175, 0.03263639158336267, 0.041551557384559866, 0.04122616275245947, 0.03734358584608273], "3": [0.024523857368752795, 0.055335126087365, 0.04881027044211101, 0.05333620057320925, 0.05170613041758671, 0.0615809223988309, 0.05692373993865364, 0.04249219438421908, 0.04210619995976855, 0.043714994371196816, 0.039956863046895934, 0.034301386484383266, 0.04480955785353819, 0.043692826484547205, 0.04324560874498267, 0.03959841022691622, 0.03554613670888959, 0.04003271802002765, 0.03673000518929388, 0.02864776886684034]}, "group_val_acc_mean": {"1": [0.22904483430799216, 0.2309941520467836, 0.22904483430799216, 0.23684210526315785, 0.24756335282651068, 0.24463937621832355, 0.2573099415204679, 0.27290448343079926, 0.27192982456140347, 0.2846003898635477, 0.2943469785575048, 0.29727095516569196, 0.310916179337232, 0.3226120857699805, 0.3255360623781676, 0.3235867446393762, 0.3274853801169591, 0.3489278752436647, 0.3489278752436647, 0.3255360623781676],