{"group_train_loss_mean": {"1": [4.451013379626804, 4.334455291430156, 4.246648669242859, 4.173781639999814, 4.104885372850631, 4.046828601095412, 3.9917254514164395, 3.9525669614473977, 3.9011336035198636, 3.868984361489614, 3.810848891735077, 3.7760257058673434, 3.730128904183706, 3.695171276728312, 3.658851762612661, 3.6288537979125977, 3.6034383376439414, 3.5469286839167284, 3.5346340934435525, 3.505331946743859], "2": [12.666883818308511, 11.18111292521159, 10.278753534952799, 9.729465770721436, 9.407877858479818, 9.23633918762207, 9.132548681894939, 9.06343552271525, 9.005731582641602, 8.969308757781981, 8.928855355580648, 8.913200855255127, 8.877554798126223, 8.855386765797933, 8.830071512858073, 8.80953016281128, 8.78232987721761, 8.759770170847574, 8.734366385142009, 8.712717374165853], "3": [4.48836965031094, 4.3689751625061035, 4.263215762597543, 4.186049364231251, 4.102298149356136, 4.037905282444424, 3.9733881685468884, 3.9171782732009888, 3.86106257085447, 3.8100826607810125, 3.777054729285064, 3.73283303225482, 3.678939841411732, 3.653713190997088, 3.609314013410498, 3.571532196468777, 3.54215704953229, 3.4929004068727845, 3.483049326472812, 3.4520915481779313]}, "group_train_loss_std": {"1": [0.09482588820757844, 0.08985024949846124, 0.07210389848666882, 0.07956611740218042, 0.08233914011187507, 0.08969019299702023, 0.08680130689283151, 0.08796824093690125, 0.08480490110694074, 0.08264385787657229, 0.07747636957739236, 0.08010316610568116, 0.08951185323758604, 0.08559167571167434, 0.0897843527385075, 0.07577034596585011, 0.07685187308809446, 0.0771871626656703, 0.06755027807313774, 0.07645132659383351], "2": [0.1275283505384447, 0.07464543506847322, 0.062177840768458885, 0.038323742119466674, 0.03677427454399415, 0.03334076325267543, 0.01940495926545747, 0.028593356619273806, 0.019326078059841958, 0.01318904298399241, 0.014199170318174368, 0.011193169692287083, 0.014351821980469146, 0.014212438250138015, 0.015385926295102648, 0.015796764035812427, 0.011286030813020818, 0.011577919763225352, 0.01318554250592399, 0.009665084963300227], "3": [0.05821769316587855, 0.05582997622275787, 0.055207049545372824, 0.05483099329825647, 0.05857641953332908, 0.06079699372353596, 0.07259083818671896, 0.08381625969300101, 0.09607741695819579, 0.09969544964746384, 0.09014866402091443, 0.09246468706215684, 0.10236412801984408, 0.09113943779266219, 0.09912797056313362, 0.09643074889835367, 0.10809137467114896, 0.09476118323496285, 0.09945854136381187, 0.09142671818848419]}, "group_val_loss_mean": {"1": [4.44003992145754, 4.434575859333805, 4.427667414700544, 4.418645380997982, 4.406187778327897, 4.389711083956861, 4.367342264796327, 4.336645577153732, 4.294332064847965, 4.237438655503777, 4.171039921498438, 4.089804010549251, 4.007276079575686, 3.924102944704989, 3.8455084513502507, 3.772870904520938, 3.720806916787146, 3.6756629228127164, 3.6362176745490955, 3.606495774977388], "2": [13.063239142211557, 13.025645790323178, 12.870922231395344, 12.653048622399044, 12.380053540279992, 12.025599563330935, 11.752702134115655, 11.543085674932826, 11.365602407399674, 11.230036505760504, 11.187353747629981, 11.126856027569687, 11.062194109241863, 11.010546770151596, 10.967364391527678, 10.952570663139834, 10.903466085244341, 10.838252230415568, 10.833135638320655, 10.819388999715883], "3": [4.444550570301455, 4.437755441882534, 4.430066290267339, 4.420368366538898, 4.407335257204885, 4.389228717625489, 4.363789972041318, 4.329266533284625, 4.283283371209634, 4.2245864174132075, 4.1504768454617995, 4.062917797963599, 3.97002884844358, 3.8754064680462617, 3.7992094071210394, 3.7283499826464737, 3.676678738243941, 3.638257001730589, 3.599561738069372, 3.5591789531273994]}, "group_val_loss_std": {"1": [0.01714564826526585, 0.01895324636624725, 0.021876070592623333, 0.025901692587677806, 0.03216860120745456, 0.04070692141852233, 0.053809193642549845, 0.07121129844609252, 0.09201868248735974, 0.11886999391178814, 0.14502297642046824, 0.17234198643020449, 0.18489020581683652, 0.19350433823072496, 0.19391206659685872, 0.1897139638424926, 0.18357659165164172, 0.16981746301996603, 0.16979809346060934, 0.16549608542451924], "2": [0.1396254886492848, 0.18979118561888167, 0.27342864201865663, 0.24197600729420393, 0.1336836430818978, 0.1182417584244697, 0.1294228956250444, 0.15531237943938184, 0.17621779324019304, 0.16663514009200492, 0.164624527075085, 0.15532487814135212, 0.12683527295648753, 0.16189022291195476, 0.1953999813364943, 0.17408005587607256, 0.15688050224045366, 0.1485558612031546, 0.16940482460486558, 0.19083065019441733], "3": [0.016030076146407692, 0.015461537191907192, 0.015407409625034929, 0.015935774703469796, 0.017324054361013225, 0.01999050728818085, 0.024879193958164784, 0.03210174958994944, 0.042587186618072315, 0.05362696286119074, 0.06461604082643477, 0.08035745511814549, 0.0983234824303241, 0.11004380021716255, 0.11467664030116942, 0.11987506978639625, 0.11889204599768795, 0.12087559701563312, 0.1229269547430473, 0.12370429684872522]}, "group_train_acc_mean": {"1": [0.026342942726643916, 0.06102336323049396, 0.12795041530185844, 0.16753128340564674, 0.2037037037037037, 0.2330149257144164, 0.2681955377201557, 0.28236953576512147, 0.2941025992808675, 0.30289596588408135, 0.3155979717949157, 0.3297691116027279, 0.3327002338037992, 0.3449077646870516, 0.3434500637386886, 0.34784603248100704, 0.3512501929310079, 0.3595605174552543, 0.36152555549839077, 0.3722596651289351], "2": [0.17511961722488037, 0.6086724631716143, 0.9027404777829225, 0.9753922930493388, 0.9947282673938023, 0.9982421841505034, 1.0, 1.0, 1.0, 1.0, 1.0, 1.0, 1.0, 1.0, 1.0, 1.0, 1.0, 1.0, 1.0, 1.0], "3": [0.20914864548141288, 0.6540122980417266, 0.8958229722236513, 0.9807907408360153, 0.9967444678819892, 0.9986995020950877, 1.0, 1.0, 1.0, 1.0, 1.0, 1.0, 1.0, 1.0, 1.0, 1.0, 1.0, 1.0, 1.0, 1.0]}, "group_train_acc_std": {"1": [0.03683606437091825, 0.042129562043258496, 0.050720548386009, 0.05244255451101066, 0.041171674389856264, 0.03782657180666818, 0.034919652311124, 0.03316091507151783, 0.03775214590129038, 0.03487408334019297, 0.04043912279281626, 0.03749541792660596, 0.03836594102886084, 0.038477605468367614, 0.038150265909649185, 0.042086687058321616, 0.03271842175609041, 0.038496398817107584, 0.041378330886547326, 0.03477419996776168], "2": [0.06132830243036332, 0.025627255277571207, 0.015182152333251786, 0.006849451175899276, 0.004306695759310065, 0.0014352540462410559, 0.0, 0.0, 0.0, 0.0, 0.0, 0.0, 0.0, 0.0, 0.0, 0.0, 0.0, 0.0, 0.0, 0.0], "3": [0.15565163394945947, 0.09472942710867764, 0.041691190452266304, 0.009086348748596311, 0.0029128003005712178, 0.002003508036263989, 0.0, 0.0, 0.0, 0.0, 0.0, 0.0, 0.0, 0.0, 0.0, 0.0, 0.0, 0.0, 0.0, 0.0]}, "group_val_acc_mean": {"1": [0.024366471734892786, 0.02729044834307992, 0.04191033138401559, 0.07017543859649122, 0.08966861598440545, 0.15399610136452244, 0.18421052631578946, 0.2066276803118908, 0.22612085769980506, 0.24463937621832355, 0.2553606237816764, 0.2738791423001949, 0.2875243664717349, 0.30409356725146197, 0.30214424951267055, 0.30896686159844056, 0.31773879142300193, 0.3226120857699805, 0.32358674463937614, 0.32943469785575047], "2": [0.042105263157894736, 0.10058479532163742, 0.17309941520467836, 0.2198830409356725, 0.2935672514619883, 0.3906432748538012, 0.4643274853801169, 0.5134502923976608, 0.535672514619883, 0.5461988304093567, 0.5637426900584794, 0.5672514619883041, 0.5777777777777777, 0.5871345029239766, 0.5929824561403508, 0.5695906432748539, 0.5719298245614036, 0.5847953216374269, 0.584795321637427, 0.5883040935672514],