{"group_train_loss_mean": {"1": [4.474252104759217, 4.348667118284438, 4.2514046298133, 4.178955912590028, 4.1207228899002075, 4.06805588139428, 4.000661505593194, 3.9596000181304087, 3.9124909705585904, 3.871912784046597, 3.8239948087268405, 3.7961972686979504, 3.7508585121896534, 3.7106418940756054, 3.6685221062766185, 3.658827477031284, 3.5982947349548344, 3.579241673151652, 3.555500990814633, 3.507220056321886], "2": [12.652628453572593, 11.248386796315511, 10.569370778401694, 10.07742280960083, 9.674432881673177, 9.444401200612386, 9.272316614786785, 9.148523807525635, 9.074783420562744, 9.020683034261067, 8.973121992746988, 8.93441432317098, 8.899604320526125, 8.873064390818277, 8.852188650767008, 8.823156642913819, 8.802113978068032, 8.774701754252117, 8.759455331166585, 8.732975673675536], "3": [4.5004663555710405, 4.3760129434091075, 4.280251229250873, 4.194595358989856, 4.118819254416007, 4.04604430993398, 3.983431414321617, 3.9104278970647743, 3.867769921267474, 3.8227870685082896, 3.7585742341147528, 3.7184320732399265, 3.6973584051485417, 3.640513022740682, 3.613114056763825, 3.5715953376558094, 3.5387733115090265, 3.504000434169063, 3.475546165748879, 3.431894311198482]}, "group_train_loss_std": {"1": [0.05687279055485631, 0.052614204914771256, 0.06479349978517526, 0.055508246439373146, 0.06573877972447582, 0.064922657524061, 0.0839450518041124, 0.08512843794974446, 0.07507028413783702, 0.07375742033712236, 0.07249535686534128, 0.07385952512947891, 0.07169548586143669, 0.08430330076518275, 0.06872667819678993, 0.055831664266151826, 0.0739142930032362, 0.07537121075903863, 0.06903639174581858, 0.06305313057803458], "2": [0.03215000633520587, 0.07548139004070394, 0.08044068920299137, 0.06477391847176389, 0.07168958063735868, 0.05822321828825134, 0.05136275514725542, 0.029522017955621108, 0.03234903975449837, 0.02641684520615841, 0.027537101407160782, 0.017488719487226644, 0.013014334363953169, 0.01662150421130115, 0.015128099100646792, 0.011502628262283994, 0.015122356288721828, 0.009330710032967055, 0.013673521481166212, 0.01007469292809586], "3": [0.049162003466015305, 0.04866778282570726, 0.050404187871196444, 0.06280186511422864, 0.061785072889713445, 0.06388308785645731, 0.07288972036347226, 0.07875360059285498, 0.08468002561086511, 0.1069981512362245, 0.10073800185836809, 0.1103468982909152, 0.10131986556188674, 0.10086173211646446, 0.10786107663714341, 0.11421050250410898, 0.10606534529123898, 0.10361204505003486, 0.11203032831627023, 0.10733074225829116]}, "group_val_loss_mean": {"1": [4.4420468216983435, 4.43699929542244, 4.430752864822774, 4.4223464822676215, 4.411253452765779, 4.396189826273779, 4.375606163203367, 4.347045664666457, 4.307132041012799, 4.254536019663597, 4.189857573537101, 4.114026865996348, 4.029430473757069, 3.9372403224309287, 3.8622068659371567, 3.7842536885835973, 3.7197989704083745, 3.6722114739129883, 3.6303169764505725, 3.5963108060885123], "2": [12.92065513789305, 12.636983000325879, 12.505781387864497, 12.04327858707361, 11.934450257730763, 11.74272212870637, 11.540864754838555, 11.32017218494973, 11.24169024863438, 11.081706917076781, 11.141740975184748, 10.998699013113278, 11.063758428473221, 11.014151345637808, 10.967602930570903, 10.870828390958017, 10.85085116046214, 10.854425684611002, 10.839490791231569, 10.834644000850924], "3": [4.4455343284259925, 4.4388916032356125, 4.431274490591921, 4.422004899551064, 4.409789556648299, 4.392927771500754, 4.369774295727567, 4.3372785978459785, 4.2938562037497086, 4.2359411541404, 4.16545194739874, 4.079692904867082, 3.980306852011033, 3.888601935475271, 3.80908415548363, 3.7351301484792705, 3.6740127991669507, 3.629522444599244, 3.5941855049195275, 3.5590052116684046]}, "group_val_loss_std": {"1": [0.015202376018183097, 0.015832216445605136, 0.01712535808661518, 0.01924918228247583, 0.022230493011818977, 0.02664466371900734, 0.03470414194580123, 0.04456453689297385, 0.06102950125091249, 0.08048304628054832, 0.10244090231811341, 0.1237902859186232, 0.13687995729841743, 0.15088900176707484, 0.15524913961710968, 0.1622122655073983, 0.15859805692732695, 0.15610410414043077, 0.16053861001783853, 0.16318237451630427], "2": [0.23826413444238537, 0.34838374683090917, 0.42951843914501997, 0.24536770019449636, 0.21876210926333697, 0.20193176072464555, 0.17259106744336233, 0.12328065628040334, 0.1251841448569751, 0.17696747296833665, 0.07498939374595644, 0.1777386085715961, 0.1450966483716226, 0.16779969874635484, 0.15205862713164098, 0.16717487741763848, 0.14290489981536542, 0.1707038813866205, 0.15365146893484177, 0.14381463266454436], "3": [0.016390320660073808, 0.015789380836552354, 0.015548332151129227, 0.015754588688020744, 0.01595462930899065, 0.017653106279802766, 0.020522847194203307, 0.026071089742255298, 0.03370653683117845, 0.04621102122387291, 0.06156939624695201, 0.07774376616532948, 0.0954112359093235, 0.10950285699288001, 0.12008738073335753, 0.12698335222253485, 0.1348599230006273, 0.13585360452494247, 0.13414008260406823, 0.12999622520106258]}, "group_train_acc_mean": {"1": [0.022458598434829332, 0.06251250478754723, 0.11575288824864376, 0.1636326479280639, 0.20467836257309943, 0.23253331275402586, 0.2574671445639188, 0.27456226097991804, 0.29606620820542723, 0.3068131799031629, 0.3204884155648163, 0.3292760656937228, 0.33123252902539835, 0.33758924845512284, 0.34491348116135895, 0.35224343034190236, 0.35956909216671523, 0.3595605174552543, 0.36151269343119935, 0.3703189221016046], "2": [0.16519867606455044, 0.5565399324312736, 0.7118108075663254, 0.8265987549518959, 0.9308792509132069, 0.9718783762926378, 0.9917991459587384, 0.9976608187134502, 1.0, 0.9994134897360704, 1.0, 1.0, 1.0, 1.0, 1.0, 1.0, 1.0, 1.0, 1.0, 1.0], "3": [0.18452302691125555, 0.5470380088376694, 0.7058245156717144, 0.8395719122940403, 0.9339547140905375, 0.9765843684915558, 0.9892692249794683, 0.9977238904799742, 0.9987004548408057, 0.999348321928967, 1.0, 1.0, 1.0, 0.9996751137102015, 1.0, 1.0, 1.0, 0.997719126751385, 0.999348321928967, 1.0]}, "group_train_acc_std": {"1": [0.02026106183644077, 0.032585713843582775, 0.04917672469442327, 0.047536466603744144, 0.03803191450751997, 0.040715505009678285, 0.03985346495018539, 0.031084401753439392, 0.03916181729414052, 0.040165316074053284, 0.0415223512125698, 0.03459562895555678, 0.03737585319364055, 0.04388671849193147, 0.040936666883488, 0.043260434469105866, 0.03904384352782302, 0.032301393197893845, 0.036688409705926954, 0.03986563482297633], "2": [0.01971585134734459, 0.02419908600190709, 0.03270187182094206, 0.02903755441200313, 0.015962702754051542, 0.010891735535616096, 0.0011679323606971885, 0.0034099133887984306, 0.0, 0.0011730205278592365, 0.0, 0.0, 0.0, 0.0, 0.0, 0.0, 0.0, 0.0, 0.0, 0.0], "3": [0.02525353737853724, 0.03618155043489629, 0.018741843084420062, 0.013908192627947893, 0.017569215747325142, 0.011349967805179852, 0.00871357128131105, 0.0030132845355249653, 0.0027947775396499827, 0.001219178034139439, 0.0, 0.0, 0.0, 0.0009189171945244195, 0.0, 0.0, 0.0, 0.006451283764491142, 0.0018432239327117546, 0.0]}, "group_val_acc_mean": {"1": [0.025341130604288498, 0.02729044834307992, 0.023391812865497075, 0.049707602339181284, 0.07992202729044834, 0.14522417153996103, 0.18128654970760236, 0.20955165692007793, 0.2241715399610136, 0.2300194931773879, 0.2524366471734893, 0.26023391812865493, 0.2826510721247563, 0.29239766081871343, 0.29922027290448344, 0.30214424951267055, 0.3079922027290448, 0.3148148148148147, 0.31968810916179335, 0.3304093567251462], "2": [0.09122807017543859, 0.18011695906432745, 0.256140350877193, 0.40233918128654966, 0.39883040935672515, 0.4222222222222222, 0.4573099415204679, 0.5076023391812865, 0.5321637426900585, 0.5637426900584794, 0.5263157894736843, 0.5602339181286549, 0.5497076023391813, 0.535672514619883, 0.5508771929824562, 0.5707602339181286, 0.5754385964912281, 0.5578947368421052, 0.5649122807017543, 0.5602339181286549],